mode: atomic
github.com/limiar/collector/internal/cli/auth.go:11.44,16.52 1 0
github.com/limiar/collector/internal/cli/auth.go:16.52,21.18 4 0
github.com/limiar/collector/internal/cli/auth.go:21.18,23.5 1 0
github.com/limiar/collector/internal/cli/auth.go:24.4,24.17 1 0
github.com/limiar/collector/internal/cli/auth.go:24.17,24.37 1 0
github.com/limiar/collector/internal/cli/auth.go:26.4,28.43 2 0
github.com/limiar/collector/internal/cli/auth.go:28.43,30.5 1 0
github.com/limiar/collector/internal/cli/auth.go:31.4,32.14 2 0
github.com/limiar/collector/internal/cli/channels.go:16.48,27.2 3 0
github.com/limiar/collector/internal/cli/channels.go:35.9,41.16 5 0
github.com/limiar/collector/internal/cli/channels.go:41.16,43.3 1 0
github.com/limiar/collector/internal/cli/channels.go:44.2,44.15 1 0
github.com/limiar/collector/internal/cli/channels.go:44.15,44.35 1 0
github.com/limiar/collector/internal/cli/channels.go:46.2,48.16 3 0
github.com/limiar/collector/internal/cli/channels.go:48.16,50.3 1 0
github.com/limiar/collector/internal/cli/channels.go:51.2,51.13 1 0
github.com/limiar/collector/internal/cli/channels.go:51.13,54.3 2 0
github.com/limiar/collector/internal/cli/channels.go:55.2,55.33 1 0
github.com/limiar/collector/internal/cli/channels.go:58.52,63.52 1 0
github.com/limiar/collector/internal/cli/channels.go:63.52,64.124 1 0
github.com/limiar/collector/internal/cli/channels.go:64.124,66.19 2 0
github.com/limiar/collector/internal/cli/channels.go:66.19,68.6 1 0
github.com/limiar/collector/internal/cli/channels.go:69.5,73.27 5 0
github.com/limiar/collector/internal/cli/channels.go:73.27,78.6 4 0
github.com/limiar/collector/internal/cli/channels.go:79.5,79.33 1 0
github.com/limiar/collector/internal/cli/channels.go:79.33,81.20 2 0
github.com/limiar/collector/internal/cli/channels.go:81.20,83.7 1 0
github.com/limiar/collector/internal/cli/channels.go:84.6,84.89 1 0
github.com/limiar/collector/internal/cli/channels.go:86.5,89.15 4 0
github.com/limiar/collector/internal/cli/channels.go:95.51,100.55 1 0
github.com/limiar/collector/internal/cli/channels.go:100.55,105.18 4 0
github.com/limiar/collector/internal/cli/channels.go:105.18,107.5 1 0
github.com/limiar/collector/internal/cli/channels.go:108.4,108.17 1 0
github.com/limiar/collector/internal/cli/channels.go:108.17,108.37 1 0
github.com/limiar/collector/internal/cli/channels.go:110.4,114.18 4 0
github.com/limiar/collector/internal/cli/channels.go:114.18,116.5 1 0
github.com/limiar/collector/internal/cli/channels.go:117.4,123.51 2 0
github.com/limiar/collector/internal/cli/channels.go:123.51,125.5 1 0
github.com/limiar/collector/internal/cli/channels.go:126.4,126.51 1 0
github.com/limiar/collector/internal/cli/channels.go:126.51,128.5 1 0
github.com/limiar/collector/internal/cli/channels.go:129.4,130.14 2 0
github.com/limiar/collector/internal/cli/channels.go:135.54,140.55 1 0
github.com/limiar/collector/internal/cli/channels.go:140.55,141.124 1 0
github.com/limiar/collector/internal/cli/channels.go:141.124,143.71 2 0
github.com/limiar/collector/internal/cli/channels.go:143.71,145.6 1 0
github.com/limiar/collector/internal/cli/channels.go:146.5,147.15 2 0
github.com/limiar/collector/internal/cli/collector.go:18.49,25.2 3 0
github.com/limiar/collector/internal/cli/collector.go:29.52,34.52 1 0
github.com/limiar/collector/internal/cli/collector.go:34.52,43.18 7 0
github.com/limiar/collector/internal/cli/collector.go:43.18,45.5 1 0
github.com/limiar/collector/internal/cli/collector.go:46.4,46.17 1 0
github.com/limiar/collector/internal/cli/collector.go:46.17,46.37 1 0
github.com/limiar/collector/internal/cli/collector.go:48.4,55.49 6 0
github.com/limiar/collector/internal/cli/collector.go:55.49,57.19 2 0
github.com/limiar/collector/internal/cli/collector.go:57.19,59.6 1 0
github.com/limiar/collector/internal/cli/collector.go:60.5,60.65 1 0
github.com/limiar/collector/internal/cli/collector.go:63.4,63.14 1 0
github.com/limiar/collector/internal/cli/collector.go:63.14,63.45 1 0
github.com/limiar/collector/internal/cli/collector.go:64.4,67.14 3 0
github.com/limiar/collector/internal/cli/collector.go:67.14,67.40 1 0
github.com/limiar/collector/internal/cli/collector.go:69.4,69.11 1 0
github.com/limiar/collector/internal/cli/collector.go:70.25,71.15 1 0
github.com/limiar/collector/internal/cli/collector.go:72.22,75.12 2 0
github.com/limiar/collector/internal/cli/collector.go:76.26,78.16 2 0
github.com/limiar/collector/internal/cli/collector.go:79.73,82.79 2 0
github.com/limiar/collector/internal/cli/collector.go:87.2,87.12 1 0
github.com/limiar/collector/internal/cli/dashboard.go:18.49,25.52 2 0
github.com/limiar/collector/internal/cli/dashboard.go:25.52,30.17 4 0
github.com/limiar/collector/internal/cli/dashboard.go:30.17,32.5 1 0
github.com/limiar/collector/internal/cli/dashboard.go:33.4,37.18 4 0
github.com/limiar/collector/internal/cli/dashboard.go:37.18,39.5 1 0
github.com/limiar/collector/internal/cli/dashboard.go:40.4,40.17 1 0
github.com/limiar/collector/internal/cli/dashboard.go:40.17,40.35 1 0
github.com/limiar/collector/internal/cli/dashboard.go:42.4,43.18 2 0
github.com/limiar/collector/internal/cli/dashboard.go:43.18,45.5 1 0
github.com/limiar/collector/internal/cli/dashboard.go:46.4,46.17 1 0
github.com/limiar/collector/internal/cli/dashboard.go:46.17,46.46 1 0
github.com/limiar/collector/internal/cli/dashboard.go:48.4,49.18 2 0
github.com/limiar/collector/internal/cli/dashboard.go:49.18,51.5 1 0
github.com/limiar/collector/internal/cli/dashboard.go:52.4,52.17 1 0
github.com/limiar/collector/internal/cli/dashboard.go:52.17,52.41 1 0
github.com/limiar/collector/internal/cli/dashboard.go:54.4,60.34 6 0
github.com/limiar/collector/internal/cli/dashboard.go:64.2,65.12 2 0
github.com/limiar/collector/internal/cli/media.go:26.45,42.52 2 0
github.com/limiar/collector/internal/cli/media.go:42.52,44.4 1 0
github.com/limiar/collector/internal/cli/media.go:47.2,51.12 4 0
github.com/limiar/collector/internal/cli/media.go:55.71,63.16 6 0
github.com/limiar/collector/internal/cli/media.go:63.16,65.3 1 0
github.com/limiar/collector/internal/cli/media.go:66.2,66.15 1 0
github.com/limiar/collector/internal/cli/media.go:66.15,66.36 1 0
github.com/limiar/collector/internal/cli/media.go:68.2,69.16 2 0
github.com/limiar/collector/internal/cli/media.go:69.16,71.3 1 0
github.com/limiar/collector/internal/cli/media.go:72.2,72.15 1 0
github.com/limiar/collector/internal/cli/media.go:72.15,72.39 1 0
github.com/limiar/collector/internal/cli/media.go:74.2,77.16 3 0
github.com/limiar/collector/internal/cli/media.go:77.16,79.3 1 0
github.com/limiar/collector/internal/cli/media.go:81.2,83.25 3 0
github.com/limiar/collector/internal/cli/media.go:83.25,87.3 2 0
github.com/limiar/collector/internal/cli/media.go:89.2,89.15 1 0
github.com/limiar/collector/internal/cli/media.go:89.15,91.17 2 0
github.com/limiar/collector/internal/cli/media.go:91.17,93.4 1 0
github.com/limiar/collector/internal/cli/media.go:93.9,99.4 2 0
github.com/limiar/collector/internal/cli/media.go:102.2,106.12 3 0
github.com/limiar/collector/internal/cli/media.go:112.47,129.52 3 0
github.com/limiar/collector/internal/cli/media.go:129.52,131.18 2 0
github.com/limiar/collector/internal/cli/media.go:131.18,133.5 1 0
github.com/limiar/collector/internal/cli/media.go:134.4,134.21 1 0
github.com/limiar/collector/internal/cli/media.go:134.21,136.5 1 0
github.com/limiar/collector/internal/cli/media.go:138.4,143.18 5 0
github.com/limiar/collector/internal/cli/media.go:143.18,145.5 1 0
github.com/limiar/collector/internal/cli/media.go:146.4,146.17 1 0
github.com/limiar/collector/internal/cli/media.go:146.17,146.38 1 0
github.com/limiar/collector/internal/cli/media.go:148.4,149.18 2 0
github.com/limiar/collector/internal/cli/media.go:149.18,151.5 1 0
github.com/limiar/collector/internal/cli/media.go:152.4,152.17 1 0
github.com/limiar/collector/internal/cli/media.go:152.17,152.41 1 0
github.com/limiar/collector/internal/cli/media.go:154.4,155.18 2 0
github.com/limiar/collector/internal/cli/media.go:155.18,157.5 1 0
github.com/limiar/collector/internal/cli/media.go:158.4,158.17 1 0
github.com/limiar/collector/internal/cli/media.go:158.17,158.46 1 0
github.com/limiar/collector/internal/cli/media.go:160.4,166.18 6 0
github.com/limiar/collector/internal/cli/media.go:166.18,167.45 1 0
github.com/limiar/collector/internal/cli/media.go:167.45,169.6 1 0
github.com/limiar/collector/internal/cli/media.go:170.5,170.55 1 0
github.com/limiar/collector/internal/cli/media.go:173.4,173.61 1 0
github.com/limiar/collector/internal/cli/media.go:173.61,175.5 1 0
github.com/limiar/collector/internal/cli/media.go:176.4,176.51 1 0
github.com/limiar/collector/internal/cli/media.go:176.51,178.5 1 0
github.com/limiar/collector/internal/cli/media.go:179.4,181.14 3 0
github.com/limiar/collector/internal/cli/media.go:185.2,187.12 3 0
github.com/limiar/collector/internal/cli/media.go:194.48,204.52 2 0
github.com/limiar/collector/internal/cli/media.go:204.52,210.18 5 0
github.com/limiar/collector/internal/cli/media.go:210.18,212.5 1 0
github.com/limiar/collector/internal/cli/media.go:213.4,213.17 1 0
github.com/limiar/collector/internal/cli/media.go:213.17,213.38 1 0
github.com/limiar/collector/internal/cli/media.go:215.4,216.18 2 0
github.com/limiar/collector/internal/cli/media.go:216.18,218.5 1 0
github.com/limiar/collector/internal/cli/media.go:219.4,219.17 1 0
github.com/limiar/collector/internal/cli/media.go:219.17,219.41 1 0
github.com/limiar/collector/internal/cli/media.go:225.4,226.18 2 0
github.com/limiar/collector/internal/cli/media.go:226.18,228.5 1 0
github.com/limiar/collector/internal/cli/media.go:230.4,230.24 1 0
github.com/limiar/collector/internal/cli/media.go:230.24,233.5 2 0
github.com/limiar/collector/internal/cli/media.go:235.4,238.18 3 0
github.com/limiar/collector/internal/cli/media.go:238.18,240.5 1 0
github.com/limiar/collector/internal/cli/media.go:241.4,241.17 1 0
github.com/limiar/collector/internal/cli/media.go:241.17,241.46 1 0
github.com/limiar/collector/internal/cli/media.go:243.4,247.30 3 0
github.com/limiar/collector/internal/cli/media.go:247.30,257.5 2 0
github.com/limiar/collector/internal/cli/media.go:259.4,262.98 3 0
github.com/limiar/collector/internal/cli/media.go:262.98,264.21 2 0
github.com/limiar/collector/internal/cli/media.go:264.21,267.6 2 0
github.com/limiar/collector/internal/cli/media.go:267.11,267.85 1 0
github.com/limiar/collector/internal/cli/media.go:267.85,270.6 2 0
github.com/limiar/collector/internal/cli/media.go:270.11,272.6 1 0
github.com/limiar/collector/internal/cli/media.go:273.5,273.39 1 0
github.com/limiar/collector/internal/cli/media.go:273.39,277.6 1 0
github.com/limiar/collector/internal/cli/media.go:280.4,282.18 2 0
github.com/limiar/collector/internal/cli/media.go:282.18,284.5 1 0
github.com/limiar/collector/internal/cli/media.go:285.4,285.14 1 0
github.com/limiar/collector/internal/cli/media.go:289.2,290.12 2 0
github.com/limiar/collector/internal/cli/processor_cmd.go:20.49,30.2 3 0
github.com/limiar/collector/internal/cli/processor_cmd.go:34.52,39.52 1 0
github.com/limiar/collector/internal/cli/processor_cmd.go:39.52,48.18 7 0
github.com/limiar/collector/internal/cli/processor_cmd.go:48.18,50.5 1 0
github.com/limiar/collector/internal/cli/processor_cmd.go:51.4,51.17 1 0
github.com/limiar/collector/internal/cli/processor_cmd.go:51.17,51.35 1 0
github.com/limiar/collector/internal/cli/processor_cmd.go:53.4,54.18 2 0
github.com/limiar/collector/internal/cli/processor_cmd.go:54.18,56.5 1 0
github.com/limiar/collector/internal/cli/processor_cmd.go:57.4,57.17 1 0
github.com/limiar/collector/internal/cli/processor_cmd.go:57.17,57.41 1 0
github.com/limiar/collector/internal/cli/processor_cmd.go:59.4,63.18 3 0
github.com/limiar/collector/internal/cli/processor_cmd.go:63.18,65.5 1 0
github.com/limiar/collector/internal/cli/processor_cmd.go:66.4,66.17 1 0
github.com/limiar/collector/internal/cli/processor_cmd.go:66.17,66.46 1 0
github.com/limiar/collector/internal/cli/processor_cmd.go:68.4,72.14 4 0
github.com/limiar/collector/internal/cli/processor_cmd.go:72.14,72.45 1 0
github.com/limiar/collector/internal/cli/processor_cmd.go:73.4,76.14 3 0
github.com/limiar/collector/internal/cli/processor_cmd.go:76.14,76.41 1 0
github.com/limiar/collector/internal/cli/processor_cmd.go:78.4,78.11 1 0
github.com/limiar/collector/internal/cli/processor_cmd.go:79.25,80.15 1 0
github.com/limiar/collector/internal/cli/processor_cmd.go:81.22,83.12 2 0
github.com/limiar/collector/internal/cli/processor_cmd.go:84.26,86.16 2 0
github.com/limiar/collector/internal/cli/processor_cmd.go:87.73,89.79 2 0
github.com/limiar/collector/internal/cli/processor_cmd.go:94.2,94.12 1 0
github.com/limiar/collector/internal/cli/processor_cmd.go:98.49,118.52 2 1
github.com/limiar/collector/internal/cli/processor_cmd.go:118.52,119.52 1 0
github.com/limiar/collector/internal/cli/processor_cmd.go:119.52,121.5 1 0
github.com/limiar/collector/internal/cli/processor_cmd.go:123.4,131.18 7 0
github.com/limiar/collector/internal/cli/processor_cmd.go:131.18,133.5 1 0
github.com/limiar/collector/internal/cli/processor_cmd.go:134.4,134.17 1 0
github.com/limiar/collector/internal/cli/processor_cmd.go:134.17,134.35 1 0
github.com/limiar/collector/internal/cli/processor_cmd.go:136.4,137.18 2 0
github.com/limiar/collector/internal/cli/processor_cmd.go:137.18,139.5 1 0
github.com/limiar/collector/internal/cli/processor_cmd.go:140.4,140.17 1 0
github.com/limiar/collector/internal/cli/processor_cmd.go:140.17,140.41 1 0
github.com/limiar/collector/internal/cli/processor_cmd.go:142.4,143.18 2 0
github.com/limiar/collector/internal/cli/processor_cmd.go:143.18,145.5 1 0
github.com/limiar/collector/internal/cli/processor_cmd.go:146.4,146.17 1 0
github.com/limiar/collector/internal/cli/processor_cmd.go:146.17,146.46 1 0
github.com/limiar/collector/internal/cli/processor_cmd.go:148.4,154.36 5 0
github.com/limiar/collector/internal/cli/processor_cmd.go:154.36,156.5 1 0
github.com/limiar/collector/internal/cli/processor_cmd.go:158.4,158.11 1 0
github.com/limiar/collector/internal/cli/processor_cmd.go:159.19,160.102 1 0
github.com/limiar/collector/internal/cli/processor_cmd.go:161.23,162.105 1 0
github.com/limiar/collector/internal/cli/processor_cmd.go:163.22,164.96 1 0
github.com/limiar/collector/internal/cli/processor_cmd.go:167.4,167.18 1 0
github.com/limiar/collector/internal/cli/processor_cmd.go:167.18,169.5 1 0
github.com/limiar/collector/internal/cli/processor_cmd.go:171.4,177.14 4 0
github.com/limiar/collector/internal/cli/processor_cmd.go:181.2,186.12 6 1
github.com/limiar/collector/internal/cli/processor_cmd.go:202.38,204.16 2 0
github.com/limiar/collector/internal/cli/processor_cmd.go:204.16,206.3 1 0
github.com/limiar/collector/internal/cli/processor_cmd.go:208.2,209.16 2 0
github.com/limiar/collector/internal/cli/processor_cmd.go:209.16,212.3 2 0
github.com/limiar/collector/internal/cli/processor_cmd.go:213.2,215.25 3 0
github.com/limiar/collector/internal/cli/processor_cmd.go:215.25,217.68 2 0
github.com/limiar/collector/internal/cli/processor_cmd.go:217.68,219.4 1 0
github.com/limiar/collector/internal/cli/processor_cmd.go:222.2,222.56 1 0
github.com/limiar/collector/internal/cli/processor_cmd.go:222.56,225.3 2 0
github.com/limiar/collector/internal/cli/processor_cmd.go:227.2,228.18 2 0
github.com/limiar/collector/internal/cli/processor_cmd.go:239.38,241.16 2 0
github.com/limiar/collector/internal/cli/processor_cmd.go:241.16,243.3 1 0
github.com/limiar/collector/internal/cli/processor_cmd.go:245.2,246.30 2 0
github.com/limiar/collector/internal/cli/processor_cmd.go:246.30,247.30 1 0
github.com/limiar/collector/internal/cli/processor_cmd.go:247.30,249.9 2 0
github.com/limiar/collector/internal/cli/processor_cmd.go:252.2,252.20 1 0
github.com/limiar/collector/internal/cli/processor_cmd.go:252.20,254.3 1 0
github.com/limiar/collector/internal/cli/processor_cmd.go:256.2,256.86 1 0
github.com/limiar/collector/internal/cli/processor_cmd.go:266.38,268.2 1 0
github.com/limiar/collector/internal/cli/processor_cmd.go:280.48,283.16 2 0
github.com/limiar/collector/internal/cli/processor_cmd.go:283.16,285.3 1 0
github.com/limiar/collector/internal/cli/processor_cmd.go:287.2,288.25 2 0
github.com/limiar/collector/internal/cli/processor_cmd.go:288.25,290.3 1 0
github.com/limiar/collector/internal/cli/processor_cmd.go:291.2,293.6 3 0
github.com/limiar/collector/internal/cli/processor_cmd.go:293.6,294.23 1 0
github.com/limiar/collector/internal/cli/processor_cmd.go:294.23,296.4 1 0
github.com/limiar/collector/internal/cli/processor_cmd.go:298.3,299.17 2 0
github.com/limiar/collector/internal/cli/processor_cmd.go:299.17,301.4 1 0
github.com/limiar/collector/internal/cli/processor_cmd.go:302.3,302.21 1 0
github.com/limiar/collector/internal/cli/processor_cmd.go:302.21,303.9 1 0
github.com/limiar/collector/internal/cli/processor_cmd.go:306.3,307.28 2 0
github.com/limiar/collector/internal/cli/processor_cmd.go:307.28,309.18 2 0
github.com/limiar/collector/internal/cli/processor_cmd.go:309.18,311.13 2 0
github.com/limiar/collector/internal/cli/processor_cmd.go:313.4,315.101 3 0
github.com/limiar/collector/internal/cli/processor_cmd.go:315.101,316.62 1 0
github.com/limiar/collector/internal/cli/processor_cmd.go:316.62,318.6 1 0
github.com/limiar/collector/internal/cli/processor_cmd.go:320.4,320.39 1 0
github.com/limiar/collector/internal/cli/processor_cmd.go:323.3,324.17 2 0
github.com/limiar/collector/internal/cli/processor_cmd.go:324.17,326.4 1 0
github.com/limiar/collector/internal/cli/processor_cmd.go:327.3,330.16 3 0
github.com/limiar/collector/internal/cli/processor_cmd.go:330.16,334.4 2 0
github.com/limiar/collector/internal/cli/processor_cmd.go:336.3,337.37 2 0
github.com/limiar/collector/internal/cli/processor_cmd.go:337.37,338.9 1 0
github.com/limiar/collector/internal/cli/processor_cmd.go:341.2,341.41 1 0
github.com/limiar/collector/internal/cli/processor_cmd.go:345.103,346.20 1 0
github.com/limiar/collector/internal/cli/processor_cmd.go:346.20,348.3 1 0
github.com/limiar/collector/internal/cli/processor_cmd.go:349.2,350.16 2 0
github.com/limiar/collector/internal/cli/processor_cmd.go:350.16,352.3 1 0
github.com/limiar/collector/internal/cli/processor_cmd.go:353.2,353.26 1 0
github.com/limiar/collector/internal/cli/processor_cmd.go:353.26,354.31 1 0
github.com/limiar/collector/internal/cli/processor_cmd.go:354.31,356.4 1 0
github.com/limiar/collector/internal/cli/processor_cmd.go:358.2,358.15 1 0
github.com/limiar/collector/internal/cli/root.go:46.44,64.2 3 0
github.com/limiar/collector/internal/cli/run.go:21.43,26.52 1 0
github.com/limiar/collector/internal/cli/run.go:26.52,33.18 7 0
github.com/limiar/collector/internal/cli/run.go:33.18,35.5 1 0
github.com/limiar/collector/internal/cli/run.go:36.4,36.17 1 0
github.com/limiar/collector/internal/cli/run.go:36.17,36.35 1 0
github.com/limiar/collector/internal/cli/run.go:37.4,38.17 2 0
github.com/limiar/collector/internal/cli/run.go:38.17,38.46 1 0
github.com/limiar/collector/internal/cli/run.go:39.4,40.17 2 0
github.com/limiar/collector/internal/cli/run.go:40.17,40.41 1 0
github.com/limiar/collector/internal/cli/run.go:41.4,49.49 9 0
github.com/limiar/collector/internal/cli/run.go:49.49,52.5 2 0
github.com/limiar/collector/internal/cli/run.go:53.4,58.22 6 0
github.com/limiar/collector/internal/cli/run.go:58.22,58.46 1 0
github.com/limiar/collector/internal/cli/run.go:59.4,59.22 1 0
github.com/limiar/collector/internal/cli/run.go:59.22,59.47 1 0
github.com/limiar/collector/internal/cli/run.go:60.4,60.22 1 0
github.com/limiar/collector/internal/cli/run.go:60.22,60.57 1 0
github.com/limiar/collector/internal/cli/run.go:61.4,61.72 1 0
github.com/limiar/collector/internal/cli/run.go:61.72,63.5 1 0
github.com/limiar/collector/internal/cli/run.go:64.4,65.14 2 0
github.com/limiar/collector/internal/cli/run.go:68.2,68.12 1 0
github.com/limiar/collector/internal/cli/stats.go:16.45,21.52 1 0
github.com/limiar/collector/internal/cli/stats.go:21.52,28.18 6 0
github.com/limiar/collector/internal/cli/stats.go:28.18,30.5 1 0
github.com/limiar/collector/internal/cli/stats.go:31.4,31.17 1 0
github.com/limiar/collector/internal/cli/stats.go:31.17,31.35 1 0
github.com/limiar/collector/internal/cli/stats.go:33.4,34.18 2 0
github.com/limiar/collector/internal/cli/stats.go:34.18,36.5 1 0
github.com/limiar/collector/internal/cli/stats.go:37.4,37.17 1 0
github.com/limiar/collector/internal/cli/stats.go:37.17,37.46 1 0
github.com/limiar/collector/internal/cli/stats.go:39.4,40.18 2 0
github.com/limiar/collector/internal/cli/stats.go:40.18,42.5 1 0
github.com/limiar/collector/internal/cli/stats.go:43.4,43.17 1 0
github.com/limiar/collector/internal/cli/stats.go:43.17,43.41 1 0
github.com/limiar/collector/internal/cli/stats.go:45.4,49.18 3 0
github.com/limiar/collector/internal/cli/stats.go:49.18,51.5 1 0
github.com/limiar/collector/internal/cli/stats.go:54.4,55.18 2 0
github.com/limiar/collector/internal/cli/stats.go:55.18,57.5 1 0
github.com/limiar/collector/internal/cli/stats.go:59.4,68.20 8 0
github.com/limiar/collector/internal/cli/stats.go:68.20,71.5 2 0
github.com/limiar/collector/internal/cli/stats.go:72.4,76.18 3 0
github.com/limiar/collector/internal/cli/stats.go:76.18,78.5 1 0
github.com/limiar/collector/internal/cli/stats.go:80.4,84.33 5 0
github.com/limiar/collector/internal/cli/stats.go:84.33,86.22 2 0
github.com/limiar/collector/internal/cli/stats.go:86.22,88.6 1 0
github.com/limiar/collector/internal/cli/stats.go:89.5,89.84 1 0
github.com/limiar/collector/internal/cli/stats.go:91.4,97.18 5 0
github.com/limiar/collector/internal/cli/stats.go:97.18,99.5 1 0
github.com/limiar/collector/internal/cli/stats.go:101.4,105.36 5 0
github.com/limiar/collector/internal/cli/stats.go:105.36,107.19 2 0
github.com/limiar/collector/internal/cli/stats.go:107.19,109.6 1 0
github.com/limiar/collector/internal/cli/stats.go:110.5,110.68 1 0
github.com/limiar/collector/internal/cli/stats.go:112.4,118.14 4 0
github.com/limiar/collector/internal/cli/stats.go:125.125,133.36 6 0
github.com/limiar/collector/internal/cli/stats.go:133.36,135.35 2 0
github.com/limiar/collector/internal/cli/stats.go:135.35,136.12 1 0
github.com/limiar/collector/internal/cli/stats.go:139.3,141.26 3 0
github.com/limiar/collector/internal/cli/stats.go:141.26,142.18 1 0
github.com/limiar/collector/internal/cli/stats.go:142.18,144.5 1 0
github.com/limiar/collector/internal/cli/stats.go:145.4,145.24 1 0
github.com/limiar/collector/internal/cli/stats.go:145.24,147.5 1 0
github.com/limiar/collector/internal/cli/stats.go:148.4,148.16 1 0
github.com/limiar/collector/internal/cli/stats.go:148.16,150.5 1 0
github.com/limiar/collector/internal/cli/stats.go:151.4,151.19 1 0
github.com/limiar/collector/internal/cli/stats.go:151.19,153.5 1 0
github.com/limiar/collector/internal/cli/stats.go:154.4,154.27 1 0
github.com/limiar/collector/internal/cli/stats.go:154.27,156.5 1 0
github.com/limiar/collector/internal/cli/stats.go:159.3,170.28 2 0
github.com/limiar/collector/internal/cli/stats.go:170.28,174.13 4 0
github.com/limiar/collector/internal/cli/stats.go:174.13,177.5 2 0
github.com/limiar/collector/internal/cli/stats.go:178.4,178.94 1 0
github.com/limiar/collector/internal/cli/stats.go:180.3,180.27 1 0
github.com/limiar/collector/internal/config/config.go:83.44,90.37 4 0
github.com/limiar/collector/internal/config/config.go:90.37,92.3 1 0
github.com/limiar/collector/internal/config/config.go:95.2,102.4 1 0
github.com/limiar/collector/internal/config/config.go:102.4,103.40 1 0
github.com/limiar/collector/internal/config/config.go:103.40,105.4 1 0
github.com/limiar/collector/internal/config/config.go:108.2,109.40 2 0
github.com/limiar/collector/internal/config/config.go:109.40,111.3 1 0
github.com/limiar/collector/internal/config/config.go:114.2,114.82 1 0
github.com/limiar/collector/internal/config/config.go:114.82,116.17 2 0
github.com/limiar/collector/internal/config/config.go:116.17,118.4 1 0
github.com/limiar/collector/internal/config/config.go:119.3,120.32 2 0
github.com/limiar/collector/internal/config/config.go:123.2,124.16 2 0
github.com/limiar/collector/internal/config/config.go:131.25,133.16 2 0
github.com/limiar/collector/internal/config/config.go:133.16,134.25 1 0
github.com/limiar/collector/internal/config/config.go:134.25,136.4 1 0
github.com/limiar/collector/internal/config/config.go:137.3,137.13 1 0
github.com/limiar/collector/internal/config/config.go:140.2,140.57 1 0
github.com/limiar/collector/internal/config/config.go:140.57,142.49 2 0
github.com/limiar/collector/internal/config/config.go:142.49,143.12 1 0
github.com/limiar/collector/internal/config/config.go:145.3,146.15 2 0
github.com/limiar/collector/internal/config/config.go:146.15,147.12 1 0
github.com/limiar/collector/internal/config/config.go:149.3,152.20 3 0
github.com/limiar/collector/internal/config/config.go:152.20,154.72 2 0
github.com/limiar/collector/internal/config/config.go:154.72,156.5 1 0
github.com/limiar/collector/internal/config/config.go:159.3,159.46 1 0
github.com/limiar/collector/internal/config/config.go:159.46,161.4 1 0
github.com/limiar/collector/internal/config/config.go:163.2,163.12 1 0
github.com/limiar/collector/internal/config/config.go:168.34,170.16 2 0
github.com/limiar/collector/internal/config/config.go:170.16,172.3 1 0
github.com/limiar/collector/internal/config/config.go:173.2,173.45 1 0
github.com/limiar/collector/internal/config/config.go:178.34,179.20 1 3
github.com/limiar/collector/internal/config/config.go:179.20,181.3 1 3
github.com/limiar/collector/internal/config/config.go:182.2,182.22 1 3
github.com/limiar/collector/internal/config/config.go:182.22,184.3 1 3
github.com/limiar/collector/internal/config/config.go:185.2,185.28 1 3
github.com/limiar/collector/internal/config/config.go:185.28,187.3 1 3
github.com/limiar/collector/internal/config/config.go:188.2,188.23 1 3
github.com/limiar/collector/internal/config/config.go:188.23,190.3 1 3
github.com/limiar/collector/internal/config/config.go:191.2,191.22 1 3
github.com/limiar/collector/internal/config/config.go:191.22,193.3 1 3
github.com/limiar/collector/internal/config/config.go:194.2,194.33 1 3
github.com/limiar/collector/internal/config/config.go:194.33,196.3 1 3
github.com/limiar/collector/internal/config/config.go:197.2,197.31 1 3
github.com/limiar/collector/internal/config/config.go:197.31,199.3 1 3
github.com/limiar/collector/internal/config/config.go:200.2,200.23 1 3
github.com/limiar/collector/internal/config/config.go:200.23,202.3 1 3
github.com/limiar/collector/internal/config/config.go:203.2,203.27 1 3
github.com/limiar/collector/internal/config/config.go:203.27,205.3 1 3
github.com/limiar/collector/internal/config/config.go:206.2,206.26 1 3
github.com/limiar/collector/internal/config/config.go:206.26,208.3 1 3
github.com/limiar/collector/internal/config/config.go:209.2,209.25 1 3
github.com/limiar/collector/internal/config/config.go:209.25,211.3 1 3
github.com/limiar/collector/internal/config/config.go:212.2,212.22 1 3
github.com/limiar/collector/internal/config/config.go:212.22,214.3 1 3
github.com/limiar/collector/internal/config/config.go:220.35,223.18 2 110
github.com/limiar/collector/internal/config/config.go:223.18,225.3 1 2
github.com/limiar/collector/internal/config/config.go:226.2,226.40 1 110
github.com/limiar/collector/internal/config/config.go:226.40,228.3 1 2
github.com/limiar/collector/internal/config/config.go:229.2,229.34 1 110
github.com/limiar/collector/internal/config/config.go:229.34,231.3 1 28
github.com/limiar/collector/internal/config/config.go:232.2,232.100 1 110
github.com/limiar/collector/internal/config/config.go:232.100,234.3 1 20
github.com/limiar/collector/internal/config/config.go:235.2,235.86 1 110
github.com/limiar/collector/internal/config/config.go:235.86,237.3 1 15
github.com/limiar/collector/internal/config/config.go:238.2,238.92 1 110
github.com/limiar/collector/internal/config/config.go:238.92,240.3 1 16
github.com/limiar/collector/internal/config/config.go:241.2,241.84 1 110
github.com/limiar/collector/internal/config/config.go:241.84,243.3 1 22
github.com/limiar/collector/internal/config/config.go:244.2,244.66 1 110
github.com/limiar/collector/internal/config/config.go:244.66,246.3 1 0
github.com/limiar/collector/internal/config/config.go:247.2,247.82 1 110
github.com/limiar/collector/internal/config/config.go:247.82,249.3 1 0
github.com/limiar/collector/internal/config/config.go:250.2,250.68 1 110
github.com/limiar/collector/internal/config/config.go:250.68,252.3 1 0
github.com/limiar/collector/internal/config/config.go:253.2,253.43 1 110
github.com/limiar/collector/internal/config/config.go:253.43,255.3 1 0
github.com/limiar/collector/internal/config/config.go:256.2,256.28 1 110
github.com/limiar/collector/internal/config/config.go:256.28,258.3 1 0
github.com/limiar/collector/internal/config/config.go:260.2,260.19 1 110
github.com/limiar/collector/internal/config/config.go:260.19,262.3 1 102
github.com/limiar/collector/internal/config/config.go:263.2,263.12 1 8
github.com/limiar/collector/internal/config/config.go:267.34,278.2 1 101
github.com/limiar/collector/internal/config/config.go:282.54,292.2 1 2
github.com/limiar/collector/internal/config/config.go:294.41,295.15 1 110
github.com/limiar/collector/internal/config/config.go:296.40,297.14 1 82
github.com/limiar/collector/internal/config/config.go:298.10,299.15 1 28
github.com/limiar/collector/internal/config/config.go:305.34,306.13 1 101
github.com/limiar/collector/internal/config/config.go:306.13,308.3 1 0
github.com/limiar/collector/internal/config/config.go:309.2,309.15 1 101
github.com/limiar/collector/internal/config/wizard.go:25.26,29.2 1 7
github.com/limiar/collector/internal/config/wizard.go:34.41,48.16 12 0
github.com/limiar/collector/internal/config/wizard.go:48.16,50.3 1 0
github.com/limiar/collector/internal/config/wizard.go:53.2,54.16 2 0
github.com/limiar/collector/internal/config/wizard.go:54.16,56.3 1 0
github.com/limiar/collector/internal/config/wizard.go:59.2,59.63 1 0
github.com/limiar/collector/internal/config/wizard.go:59.63,61.3 1 0
github.com/limiar/collector/internal/config/wizard.go:64.2,73.17 6 0
github.com/limiar/collector/internal/config/wizard.go:77.45,78.6 1 5
github.com/limiar/collector/internal/config/wizard.go:78.6,82.17 3 9
github.com/limiar/collector/internal/config/wizard.go:82.17,84.4 1 4
github.com/limiar/collector/internal/config/wizard.go:86.3,87.18 2 5
github.com/limiar/collector/internal/config/wizard.go:87.18,89.12 2 1
github.com/limiar/collector/internal/config/wizard.go:92.3,93.17 2 4
github.com/limiar/collector/internal/config/wizard.go:93.17,95.12 2 1
github.com/limiar/collector/internal/config/wizard.go:98.3,98.17 1 3
github.com/limiar/collector/internal/config/wizard.go:98.17,100.12 2 2
github.com/limiar/collector/internal/config/wizard.go:103.3,103.20 1 1
github.com/limiar/collector/internal/config/wizard.go:110.50,113.6 2 0
github.com/limiar/collector/internal/config/wizard.go:113.6,117.26 3 0
github.com/limiar/collector/internal/config/wizard.go:117.26,119.18 2 0
github.com/limiar/collector/internal/config/wizard.go:119.18,121.5 1 0
github.com/limiar/collector/internal/config/wizard.go:122.4,122.15 1 0
github.com/limiar/collector/internal/config/wizard.go:123.9,125.18 2 0
github.com/limiar/collector/internal/config/wizard.go:125.18,127.5 1 0
github.com/limiar/collector/internal/config/wizard.go:128.4,128.16 1 0
github.com/limiar/collector/internal/config/wizard.go:131.3,132.20 2 0
github.com/limiar/collector/internal/config/wizard.go:132.20,134.12 2 0
github.com/limiar/collector/internal/config/wizard.go:137.3,137.22 1 0
github.com/limiar/collector/internal/config/wizard.go:142.72,143.6 1 0
github.com/limiar/collector/internal/config/wizard.go:143.6,147.17 3 0
github.com/limiar/collector/internal/config/wizard.go:147.17,150.4 1 0
github.com/limiar/collector/internal/config/wizard.go:152.3,153.17 2 0
github.com/limiar/collector/internal/config/wizard.go:154.31,155.40 1 0
github.com/limiar/collector/internal/config/wizard.go:156.31,158.14 2 0
github.com/limiar/collector/internal/config/wizard.go:159.11,160.62 1 0
github.com/limiar/collector/internal/config/wizard.go:166.63,177.70 3 1
github.com/limiar/collector/internal/config/wizard.go:177.70,179.3 1 0
github.com/limiar/collector/internal/config/wizard.go:181.2,183.12 3 1
github.com/limiar/collector/internal/config/wizard.go:188.45,190.16 2 9
github.com/limiar/collector/internal/config/wizard.go:190.16,192.3 1 4
github.com/limiar/collector/internal/config/wizard.go:193.2,193.18 1 5
github.com/limiar/collector/internal/collector/backfill.go:18.84,20.30 2 5
github.com/limiar/collector/internal/collector/backfill.go:20.30,21.17 1 4
github.com/limiar/collector/internal/collector/backfill.go:21.17,22.12 1 0
github.com/limiar/collector/internal/collector/backfill.go:24.3,31.17 3 4
github.com/limiar/collector/internal/collector/backfill.go:31.17,35.12 3 0
github.com/limiar/collector/internal/collector/backfill.go:38.3,38.16 1 4
github.com/limiar/collector/internal/collector/backfill.go:38.16,39.95 1 3
github.com/limiar/collector/internal/collector/backfill.go:39.95,43.13 3 0
github.com/limiar/collector/internal/collector/backfill.go:47.3,50.24 1 4
github.com/limiar/collector/internal/collector/backfill.go:52.2,52.26 1 5
github.com/limiar/collector/internal/collector/backfill.go:52.26,54.3 1 0
github.com/limiar/collector/internal/collector/backfill.go:55.2,55.12 1 5
github.com/limiar/collector/internal/collector/backfill.go:71.111,92.6 8 4
github.com/limiar/collector/internal/collector/backfill.go:92.6,93.23 1 6
github.com/limiar/collector/internal/collector/backfill.go:93.23,95.4 1 0
github.com/limiar/collector/internal/collector/backfill.go:97.3,98.21 2 6
github.com/limiar/collector/internal/collector/backfill.go:98.21,99.9 1 0
github.com/limiar/collector/internal/collector/backfill.go:101.3,102.34 2 6
github.com/limiar/collector/internal/collector/backfill.go:102.34,104.4 1 0
github.com/limiar/collector/internal/collector/backfill.go:106.3,108.30 3 6
github.com/limiar/collector/internal/collector/backfill.go:108.30,112.4 1 2
github.com/limiar/collector/internal/collector/backfill.go:112.9,114.4 1 4
github.com/limiar/collector/internal/collector/backfill.go:115.3,115.22 1 6
github.com/limiar/collector/internal/collector/backfill.go:115.22,117.4 1 0
github.com/limiar/collector/internal/collector/backfill.go:118.3,119.21 2 6
github.com/limiar/collector/internal/collector/backfill.go:119.21,120.9 1 2
github.com/limiar/collector/internal/collector/backfill.go:123.3,125.26 3 4
github.com/limiar/collector/internal/collector/backfill.go:125.26,126.31 1 26
github.com/limiar/collector/internal/collector/backfill.go:126.31,128.5 1 22
github.com/limiar/collector/internal/collector/backfill.go:129.4,129.34 1 26
github.com/limiar/collector/internal/collector/backfill.go:129.34,131.5 1 0
github.com/limiar/collector/internal/collector/backfill.go:134.3,134.26 1 4
github.com/limiar/collector/internal/collector/backfill.go:134.26,139.43 1 26
github.com/limiar/collector/internal/collector/backfill.go:139.43,140.13 1 1
github.com/limiar/collector/internal/collector/backfill.go:143.4,143.34 1 25
github.com/limiar/collector/internal/collector/backfill.go:143.34,145.5 1 3
github.com/limiar/collector/internal/collector/backfill.go:147.4,147.49 1 25
github.com/limiar/collector/internal/collector/backfill.go:147.49,148.13 1 2
github.com/limiar/collector/internal/collector/backfill.go:150.4,160.11 2 23
github.com/limiar/collector/internal/collector/backfill.go:161.26,161.26 0 23
github.com/limiar/collector/internal/collector/backfill.go:162.22,163.49 1 0
github.com/limiar/collector/internal/collector/backfill.go:165.4,165.18 1 23
github.com/limiar/collector/internal/collector/backfill.go:170.3,170.40 1 4
github.com/limiar/collector/internal/collector/backfill.go:170.40,171.9 1 1
github.com/limiar/collector/internal/collector/backfill.go:176.3,176.58 1 3
github.com/limiar/collector/internal/collector/backfill.go:176.58,177.9 1 1
github.com/limiar/collector/internal/collector/backfill.go:181.3,181.23 1 2
github.com/limiar/collector/internal/collector/backfill.go:184.2,184.40 1 4
github.com/limiar/collector/internal/collector/classifier.go:29.101,31.2 1 203
github.com/limiar/collector/internal/collector/collector.go:68.62,70.2 1 0
github.com/limiar/collector/internal/collector/collector.go:86.76,89.2 2 2
github.com/limiar/collector/internal/collector/collector.go:105.14,106.16 1 8
github.com/limiar/collector/internal/collector/collector.go:106.16,108.3 1 5
github.com/limiar/collector/internal/collector/collector.go:109.2,109.21 1 8
github.com/limiar/collector/internal/collector/collector.go:109.21,111.3 1 0
github.com/limiar/collector/internal/collector/collector.go:112.2,112.25 1 8
github.com/limiar/collector/internal/collector/collector.go:112.25,114.3 1 0
github.com/limiar/collector/internal/collector/collector.go:115.2,125.3 1 8
github.com/limiar/collector/internal/collector/collector.go:130.52,136.48 4 5
github.com/limiar/collector/internal/collector/collector.go:136.48,139.3 2 0
github.com/limiar/collector/internal/collector/collector.go:141.2,142.16 2 5
github.com/limiar/collector/internal/collector/collector.go:142.16,145.3 2 0
github.com/limiar/collector/internal/collector/collector.go:148.2,151.50 3 5
github.com/limiar/collector/internal/collector/collector.go:151.50,154.3 1 0
github.com/limiar/collector/internal/collector/collector.go:156.2,166.30 5 5
github.com/limiar/collector/internal/collector/collector.go:166.30,167.16 1 4
github.com/limiar/collector/internal/collector/collector.go:167.16,169.4 1 4
github.com/limiar/collector/internal/collector/collector.go:172.2,187.19 9 5
github.com/limiar/collector/internal/collector/collector.go:187.19,189.3 1 0
github.com/limiar/collector/internal/collector/collector.go:190.2,190.12 1 5
github.com/limiar/collector/internal/collector/collector.go:196.52,200.6 4 5
github.com/limiar/collector/internal/collector/collector.go:200.6,201.10 1 5
github.com/limiar/collector/internal/collector/collector.go:202.21,203.10 1 5
github.com/limiar/collector/internal/collector/collector.go:204.19,207.24 3 0
github.com/limiar/collector/internal/collector/collector.go:207.24,208.13 1 0
github.com/limiar/collector/internal/collector/collector.go:210.4,211.33 1 0
github.com/limiar/collector/internal/collector/collector.go:217.32,220.2 2 5
github.com/limiar/collector/internal/collector/collector.go:226.83,228.16 2 2
github.com/limiar/collector/internal/collector/collector.go:228.16,231.3 2 0
github.com/limiar/collector/internal/collector/collector.go:232.2,232.16 1 2
github.com/limiar/collector/internal/collector/collector.go:232.16,234.3 1 1
github.com/limiar/collector/internal/collector/collector.go:235.2,237.12 3 1
github.com/limiar/collector/internal/collector/collector.go:237.12,239.17 2 1
github.com/limiar/collector/internal/collector/collector.go:239.17,243.4 2 0
github.com/limiar/collector/internal/collector/collector.go:244.3,246.48 2 1
github.com/limiar/collector/internal/collector/dbwriter.go:16.51,20.16 3 5
github.com/limiar/collector/internal/collector/dbwriter.go:20.16,22.3 1 0
github.com/limiar/collector/internal/collector/dbwriter.go:23.2,27.6 4 5
github.com/limiar/collector/internal/collector/dbwriter.go:27.6,28.10 1 28
github.com/limiar/collector/internal/collector/dbwriter.go:29.31,30.11 1 28
github.com/limiar/collector/internal/collector/dbwriter.go:30.11,32.23 1 5
github.com/limiar/collector/internal/collector/dbwriter.go:32.23,34.6 1 3
github.com/limiar/collector/internal/collector/dbwriter.go:35.5,35.11 1 5
github.com/limiar/collector/internal/collector/dbwriter.go:38.4,38.40 1 23
github.com/limiar/collector/internal/collector/dbwriter.go:38.40,39.21 1 3
github.com/limiar/collector/internal/collector/dbwriter.go:39.21,41.6 1 3
github.com/limiar/collector/internal/collector/dbwriter.go:41.11,43.6 1 0
github.com/limiar/collector/internal/collector/dbwriter.go:44.5,44.21 1 3
github.com/limiar/collector/internal/collector/dbwriter.go:46.4,48.27 2 23
github.com/limiar/collector/internal/collector/dbwriter.go:48.27,51.38 3 0
github.com/limiar/collector/internal/collector/dbwriter.go:51.38,52.13 1 0
github.com/limiar/collector/internal/collector/dbwriter.go:53.21,53.21 0 0
github.com/limiar/collector/internal/collector/dbwriter.go:54.14,54.14 0 0
github.com/limiar/collector/internal/collector/dbwriter.go:57.5,57.17 1 0
github.com/limiar/collector/internal/collector/dbwriter.go:59.17,62.16 3 0
github.com/limiar/collector/internal/collector/dbwriter.go:72.66,73.21 1 6
github.com/limiar/collector/internal/collector/dbwriter.go:73.21,75.3 1 0
github.com/limiar/collector/internal/collector/dbwriter.go:78.2,79.28 2 6
github.com/limiar/collector/internal/collector/dbwriter.go:79.28,81.3 1 27
github.com/limiar/collector/internal/collector/dbwriter.go:83.2,89.16 2 6
github.com/limiar/collector/internal/collector/dbwriter.go:89.16,96.29 3 6
github.com/limiar/collector/internal/collector/dbwriter.go:96.29,97.19 1 27
github.com/limiar/collector/internal/collector/dbwriter.go:97.19,103.52 2 26
github.com/limiar/collector/internal/collector/dbwriter.go:103.52,104.109 1 3
github.com/limiar/collector/internal/collector/dbwriter.go:104.109,109.7 1 3
github.com/limiar/collector/internal/collector/dbwriter.go:111.5,111.52 1 26
github.com/limiar/collector/internal/collector/dbwriter.go:111.52,113.6 1 2
github.com/limiar/collector/internal/collector/dbwriter.go:114.10,116.5 1 1
github.com/limiar/collector/internal/collector/dbwriter.go:117.4,117.26 1 27
github.com/limiar/collector/internal/collector/dbwriter.go:117.26,119.5 1 0
github.com/limiar/collector/internal/collector/dbwriter.go:122.3,122.41 1 6
github.com/limiar/collector/internal/collector/dbwriter.go:122.41,123.99 1 2
github.com/limiar/collector/internal/collector/dbwriter.go:123.99,125.5 1 0
github.com/limiar/collector/internal/collector/dbwriter.go:127.3,127.9 1 6
github.com/limiar/collector/internal/collector/dbwriter.go:133.2,135.28 2 0
github.com/limiar/collector/internal/collector/dbwriter.go:135.28,137.3 1 0
github.com/limiar/collector/internal/collector/dbwriter.go:143.104,145.58 2 6
github.com/limiar/collector/internal/collector/dbwriter.go:145.58,147.17 2 6
github.com/limiar/collector/internal/collector/dbwriter.go:147.17,149.4 1 6
github.com/limiar/collector/internal/collector/dbwriter.go:150.3,150.16 1 0
github.com/limiar/collector/internal/collector/dbwriter.go:152.2,152.21 1 0
github.com/limiar/collector/internal/collector/dbwriter.go:160.71,162.58 2 0
github.com/limiar/collector/internal/collector/dbwriter.go:162.58,164.17 2 0
github.com/limiar/collector/internal/collector/dbwriter.go:164.17,166.12 2 0
github.com/limiar/collector/internal/collector/dbwriter.go:168.3,168.15 1 0
github.com/limiar/collector/internal/collector/dbwriter.go:168.15,173.51 2 0
github.com/limiar/collector/internal/collector/dbwriter.go:173.51,174.134 1 0
github.com/limiar/collector/internal/collector/dbwriter.go:174.134,176.6 1 0
github.com/limiar/collector/internal/collector/dbwriter.go:178.9,180.4 1 0
github.com/limiar/collector/internal/collector/dbwriter.go:181.3,181.25 1 0
github.com/limiar/collector/internal/collector/dbwriter.go:181.25,183.4 1 0
github.com/limiar/collector/internal/collector/dbwriter.go:184.3,184.50 1 0
github.com/limiar/collector/internal/collector/dbwriter.go:184.50,186.4 1 0
github.com/limiar/collector/internal/collector/dbwriter.go:187.3,187.9 1 0
github.com/limiar/collector/internal/collector/dbwriter.go:191.2,195.22 2 0
github.com/limiar/collector/internal/collector/dbwriter.go:195.22,197.3 1 0
github.com/limiar/collector/internal/collector/handler.go:41.145,42.16 1 9
github.com/limiar/collector/internal/collector/handler.go:42.16,44.3 1 4
github.com/limiar/collector/internal/collector/handler.go:45.2,50.3 1 9
github.com/limiar/collector/internal/collector/handler.go:56.90,66.57 1 103
github.com/limiar/collector/internal/collector/handler.go:66.57,68.3 1 2
github.com/limiar/collector/internal/collector/handler.go:70.2,79.16 3 101
github.com/limiar/collector/internal/collector/handler.go:79.16,81.3 1 0
github.com/limiar/collector/internal/collector/handler.go:83.2,83.75 1 101
github.com/limiar/collector/internal/collector/handler.go:83.75,85.3 1 0
github.com/limiar/collector/internal/collector/handler.go:87.2,87.9 1 101
github.com/limiar/collector/internal/collector/handler.go:88.50,89.13 1 101
github.com/limiar/collector/internal/collector/handler.go:90.20,91.65 1 0
github.com/limiar/collector/internal/collector/handler.go:92.10,93.76 1 0
github.com/limiar/collector/internal/collector/handler.go:93.76,95.4 1 0
github.com/limiar/collector/internal/collector/handler.go:96.3,96.13 1 0
github.com/limiar/collector/internal/dashboard/broker.go:32.26,34.2 1 6
github.com/limiar/collector/internal/dashboard/broker.go:39.50,41.38 2 6
github.com/limiar/collector/internal/dashboard/broker.go:41.38,44.3 2 0
github.com/limiar/collector/internal/dashboard/broker.go:45.2,48.16 4 6
github.com/limiar/collector/internal/dashboard/broker.go:52.45,57.2 4 2
github.com/limiar/collector/internal/dashboard/broker.go:61.39,64.28 3 68
github.com/limiar/collector/internal/dashboard/broker.go:64.28,65.10 1 69
github.com/limiar/collector/internal/dashboard/broker.go:66.20,66.20 0 68
github.com/limiar/collector/internal/dashboard/broker.go:67.11,67.11 0 1
github.com/limiar/collector/internal/dashboard/server.go:47.157,48.16 1 24
github.com/limiar/collector/internal/dashboard/server.go:48.16,50.3 1 24
github.com/limiar/collector/internal/dashboard/server.go:51.2,51.141 1 24
github.com/limiar/collector/internal/dashboard/server.go:55.60,65.28 10 0
github.com/limiar/collector/internal/dashboard/server.go:65.28,67.3 1 0
github.com/limiar/collector/internal/dashboard/server.go:68.2,68.21 1 0
github.com/limiar/collector/internal/dashboard/server.go:68.21,70.3 1 0
github.com/limiar/collector/internal/dashboard/server.go:72.2,74.77 2 0
github.com/limiar/collector/internal/dashboard/server.go:74.77,79.3 4 0
github.com/limiar/collector/internal/dashboard/server.go:81.2,92.12 3 0
github.com/limiar/collector/internal/dashboard/server.go:92.12,95.3 2 0
github.com/limiar/collector/internal/dashboard/server.go:97.2,97.9 1 0
github.com/limiar/collector/internal/dashboard/server.go:98.20,101.35 3 0
github.com/limiar/collector/internal/dashboard/server.go:102.22,103.13 1 0
github.com/limiar/collector/internal/dashboard/server.go:107.70,108.63 1 2
github.com/limiar/collector/internal/dashboard/server.go:108.63,111.3 2 0
github.com/limiar/collector/internal/dashboard/server.go:112.2,112.23 1 2
github.com/limiar/collector/internal/dashboard/server.go:112.23,114.17 2 1
github.com/limiar/collector/internal/dashboard/server.go:114.17,118.4 3 0
github.com/limiar/collector/internal/dashboard/server.go:119.3,121.9 3 1
github.com/limiar/collector/internal/dashboard/server.go:123.2,123.32 1 1
github.com/limiar/collector/internal/dashboard/server.go:126.72,127.63 1 2
github.com/limiar/collector/internal/dashboard/server.go:127.63,130.3 2 0
github.com/limiar/collector/internal/dashboard/server.go:131.2,134.16 4 2
github.com/limiar/collector/internal/dashboard/server.go:134.16,137.3 2 1
github.com/limiar/collector/internal/dashboard/server.go:138.2,143.4 1 2
github.com/limiar/collector/internal/dashboard/server.go:146.76,147.63 1 1
github.com/limiar/collector/internal/dashboard/server.go:147.63,150.3 2 0
github.com/limiar/collector/internal/dashboard/server.go:151.2,155.4 1 1
github.com/limiar/collector/internal/dashboard/server.go:158.73,159.63 1 2
github.com/limiar/collector/internal/dashboard/server.go:159.63,162.3 2 0
github.com/limiar/collector/internal/dashboard/server.go:163.2,164.16 2 2
github.com/limiar/collector/internal/dashboard/server.go:164.16,168.3 3 1
github.com/limiar/collector/internal/dashboard/server.go:169.2,169.23 1 1
github.com/limiar/collector/internal/dashboard/server.go:172.73,173.63 1 7
github.com/limiar/collector/internal/dashboard/server.go:173.63,176.3 2 0
github.com/limiar/collector/internal/dashboard/server.go:177.2,180.31 4 7
github.com/limiar/collector/internal/dashboard/server.go:180.31,182.3 1 6
github.com/limiar/collector/internal/dashboard/server.go:183.2,183.16 1 7
github.com/limiar/collector/internal/dashboard/server.go:183.16,185.3 1 1
github.com/limiar/collector/internal/dashboard/server.go:187.2,188.16 2 7
github.com/limiar/collector/internal/dashboard/server.go:188.16,192.3 3 1
github.com/limiar/collector/internal/dashboard/server.go:193.2,193.22 1 6
github.com/limiar/collector/internal/dashboard/server.go:196.72,197.63 1 3
github.com/limiar/collector/internal/dashboard/server.go:197.63,200.3 2 0
github.com/limiar/collector/internal/dashboard/server.go:201.2,203.16 3 3
github.com/limiar/collector/internal/dashboard/server.go:203.16,206.3 2 1
github.com/limiar/collector/internal/dashboard/server.go:208.2,209.16 2 2
github.com/limiar/collector/internal/dashboard/server.go:209.16,213.3 3 1
github.com/limiar/collector/internal/dashboard/server.go:214.2,214.21 1 1
github.com/limiar/collector/internal/dashboard/server.go:217.74,218.63 1 3
github.com/limiar/collector/internal/dashboard/server.go:218.63,221.3 2 0
github.com/limiar/collector/internal/dashboard/server.go:222.2,222.24 1 3
github.com/limiar/collector/internal/dashboard/server.go:222.24,225.3 2 1
github.com/limiar/collector/internal/dashboard/server.go:226.2,230.31 5 2
github.com/limiar/collector/internal/dashboard/server.go:230.31,232.3 1 1
github.com/limiar/collector/internal/dashboard/server.go:233.2,233.16 1 2
github.com/limiar/collector/internal/dashboard/server.go:233.16,235.3 1 0
github.com/limiar/collector/internal/dashboard/server.go:237.2,238.16 2 2
github.com/limiar/collector/internal/dashboard/server.go:238.16,242.3 3 1
github.com/limiar/collector/internal/dashboard/server.go:243.2,243.22 1 1
github.com/limiar/collector/internal/dashboard/server.go:246.79,247.63 1 3
github.com/limiar/collector/internal/dashboard/server.go:247.63,250.3 2 0
github.com/limiar/collector/internal/dashboard/server.go:251.2,251.24 1 3
github.com/limiar/collector/internal/dashboard/server.go:251.24,254.3 2 1
github.com/limiar/collector/internal/dashboard/server.go:255.2,256.16 2 2
github.com/limiar/collector/internal/dashboard/server.go:256.16,260.3 3 1
github.com/limiar/collector/internal/dashboard/server.go:261.2,262.21 2 1
github.com/limiar/collector/internal/dashboard/server.go:262.21,264.3 1 0
github.com/limiar/collector/internal/dashboard/server.go:265.2,268.4 1 1
github.com/limiar/collector/internal/dashboard/server.go:271.71,272.63 1 2
github.com/limiar/collector/internal/dashboard/server.go:272.63,275.3 2 0
github.com/limiar/collector/internal/dashboard/server.go:276.2,277.9 2 2
github.com/limiar/collector/internal/dashboard/server.go:277.9,280.3 2 1
github.com/limiar/collector/internal/dashboard/server.go:282.2,287.16 5 1
github.com/limiar/collector/internal/dashboard/server.go:287.16,290.3 2 0
github.com/limiar/collector/internal/dashboard/server.go:291.2,293.6 2 1
github.com/limiar/collector/internal/dashboard/server.go:293.6,294.10 1 2
github.com/limiar/collector/internal/dashboard/server.go:295.26,296.11 1 1
github.com/limiar/collector/internal/dashboard/server.go:296.11,298.5 1 0
github.com/limiar/collector/internal/dashboard/server.go:299.4,300.19 2 1
github.com/limiar/collector/internal/dashboard/server.go:301.29,302.10 1 1
github.com/limiar/collector/internal/dashboard/server.go:307.70,308.63 1 1
github.com/limiar/collector/internal/dashboard/server.go:308.63,311.3 2 0
github.com/limiar/collector/internal/dashboard/server.go:313.2,315.16 3 1
github.com/limiar/collector/internal/dashboard/server.go:315.16,318.3 2 0
github.com/limiar/collector/internal/dashboard/server.go:320.2,321.16 2 1
github.com/limiar/collector/internal/dashboard/server.go:321.16,325.3 3 0
github.com/limiar/collector/internal/dashboard/server.go:327.2,328.30 2 1
github.com/limiar/collector/internal/dashboard/server.go:328.30,330.17 2 1
github.com/limiar/collector/internal/dashboard/server.go:330.17,334.4 3 0
github.com/limiar/collector/internal/dashboard/server.go:335.3,335.18 1 1
github.com/limiar/collector/internal/dashboard/server.go:338.2,341.22 4 1
github.com/limiar/collector/internal/dashboard/server.go:344.58,348.38 4 15
github.com/limiar/collector/internal/dashboard/server.go:348.38,351.3 2 0
github.com/limiar/collector/internal/dashboard/server.go:359.13,361.16 2 1
github.com/limiar/collector/internal/dashboard/server.go:361.16,362.51 1 0
github.com/limiar/collector/internal/dashboard/server.go:364.2,364.48 1 1
github.com/limiar/collector/internal/errors/errors.go:45.46,46.16 1 572
github.com/limiar/collector/internal/errors/errors.go:46.16,48.3 1 1
github.com/limiar/collector/internal/errors/errors.go:49.2,49.49 1 571
github.com/limiar/collector/internal/id/runid.go:13.24,15.40 2 102
github.com/limiar/collector/internal/id/runid.go:15.40,17.3 1 0
github.com/limiar/collector/internal/id/runid.go:18.2,18.30 1 102
github.com/limiar/collector/internal/logger/nop.go:11.50,11.51 0 0
github.com/limiar/collector/internal/logger/nop.go:12.50,12.51 0 0
github.com/limiar/collector/internal/logger/nop.go:13.50,13.51 0 0
github.com/limiar/collector/internal/logger/nop.go:14.50,14.51 0 0
github.com/limiar/collector/internal/logger/nop.go:15.49,15.71 1 0
github.com/limiar/collector/internal/logger/nop.go:16.49,16.71 1 0
github.com/limiar/collector/internal/logger/nop.go:19.39,19.55 1 0
github.com/limiar/collector/internal/logger/nop.go:22.39,22.55 1 0
github.com/limiar/collector/internal/logger/nop.go:31.40,31.41 0 0
github.com/limiar/collector/internal/logger/nop.go:32.40,32.41 0 0
github.com/limiar/collector/internal/logger/nop.go:33.40,33.41 0 0
github.com/limiar/collector/internal/logger/nop.go:34.40,34.41 0 0
github.com/limiar/collector/internal/logger/nop.go:35.40,35.41 0 0
github.com/limiar/collector/internal/logger/presenter.go:54.75,56.2 1 15
github.com/limiar/collector/internal/logger/presenter.go:58.50,58.75 1 3
github.com/limiar/collector/internal/logger/presenter.go:59.50,59.78 1 3
github.com/limiar/collector/internal/logger/presenter.go:60.50,60.78 1 3
github.com/limiar/collector/internal/logger/presenter.go:61.50,61.76 1 3
github.com/limiar/collector/internal/logger/presenter.go:62.50,62.75 1 3
github.com/limiar/collector/internal/logger/presenter.go:64.63,69.17 5 15
github.com/limiar/collector/internal/logger/presenter.go:69.17,71.3 1 5
github.com/limiar/collector/internal/logger/presenter.go:72.2,73.17 2 15
github.com/limiar/collector/internal/logger/presenter.go:73.17,75.3 1 5
github.com/limiar/collector/internal/logger/presenter.go:76.2,78.21 3 15
github.com/limiar/collector/internal/logger/presenter.go:82.41,83.31 1 76
github.com/limiar/collector/internal/logger/presenter.go:83.31,85.3 1 0
github.com/limiar/collector/internal/logger/presenter.go:86.2,86.14 1 76
github.com/limiar/collector/internal/logger/presenter.go:91.27,94.2 2 0
github.com/limiar/collector/internal/logger/pretty.go:44.88,51.2 1 76
github.com/limiar/collector/internal/logger/pretty.go:54.75,56.2 1 475
github.com/limiar/collector/internal/logger/pretty.go:60.72,61.26 1 469
github.com/limiar/collector/internal/logger/pretty.go:61.26,63.3 1 0
github.com/limiar/collector/internal/logger/pretty.go:65.2,66.9 2 469
github.com/limiar/collector/internal/logger/pretty.go:66.9,68.3 1 0
github.com/limiar/collector/internal/logger/pretty.go:70.2,74.17 3 469
github.com/limiar/collector/internal/logger/pretty.go:74.17,76.3 1 0
github.com/limiar/collector/internal/logger/pretty.go:77.2,82.17 6 469
github.com/limiar/collector/internal/logger/pretty.go:82.17,84.3 1 0
github.com/limiar/collector/internal/logger/pretty.go:85.2,90.28 4 469
github.com/limiar/collector/internal/logger/pretty.go:90.28,92.3 1 0
github.com/limiar/collector/internal/logger/pretty.go:93.2,93.33 1 469
github.com/limiar/collector/internal/logger/pretty.go:93.33,97.3 3 861
github.com/limiar/collector/internal/logger/pretty.go:99.2,100.30 2 469
github.com/limiar/collector/internal/logger/pretty.go:100.30,102.16 2 861
github.com/limiar/collector/internal/logger/pretty.go:102.16,104.4 1 459
github.com/limiar/collector/internal/logger/pretty.go:105.3,105.18 1 861
github.com/limiar/collector/internal/logger/pretty.go:105.18,107.4 1 0
github.com/limiar/collector/internal/logger/pretty.go:108.3,109.18 2 861
github.com/limiar/collector/internal/logger/pretty.go:109.18,111.4 1 0
github.com/limiar/collector/internal/logger/pretty.go:112.3,115.22 4 861
github.com/limiar/collector/internal/logger/pretty.go:118.2,121.12 4 469
github.com/limiar/collector/internal/logger/pretty.go:125.67,128.26 3 0
github.com/limiar/collector/internal/logger/pretty.go:128.26,130.3 1 0
github.com/limiar/collector/internal/logger/pretty.go:131.2,138.3 1 0
github.com/limiar/collector/internal/logger/pretty.go:143.61,144.16 1 0
github.com/limiar/collector/internal/logger/pretty.go:144.16,146.3 1 0
github.com/limiar/collector/internal/logger/pretty.go:147.2,157.3 4 0
github.com/limiar/collector/internal/logger/pretty.go:167.70,168.38 1 861
github.com/limiar/collector/internal/logger/pretty.go:168.38,170.38 2 0
github.com/limiar/collector/internal/logger/pretty.go:170.38,172.4 1 0
github.com/limiar/collector/internal/logger/pretty.go:173.3,173.9 1 0
github.com/limiar/collector/internal/logger/pretty.go:175.2,177.71 3 861
github.com/limiar/collector/internal/logger/pretty.go:181.52,182.22 1 861
github.com/limiar/collector/internal/logger/pretty.go:182.22,184.3 1 861
github.com/limiar/collector/internal/logger/pretty.go:185.2,186.27 2 0
github.com/limiar/collector/internal/logger/pretty.go:186.27,189.3 2 0
github.com/limiar/collector/internal/logger/pretty.go:190.2,191.21 2 0
github.com/limiar/collector/internal/logger/pretty.go:197.60,201.20 4 861
github.com/limiar/collector/internal/logger/pretty.go:201.20,203.3 1 4796
github.com/limiar/collector/internal/logger/pretty.go:207.40,208.18 1 861
github.com/limiar/collector/internal/logger/pretty.go:209.23,210.28 1 61
github.com/limiar/collector/internal/logger/pretty.go:211.22,212.47 1 800
github.com/limiar/collector/internal/logger/pretty.go:213.23,214.49 1 0
github.com/limiar/collector/internal/logger/pretty.go:215.24,216.60 1 0
github.com/limiar/collector/internal/logger/pretty.go:217.21,218.43 1 0
github.com/limiar/collector/internal/logger/pretty.go:219.25,220.39 1 0
github.com/limiar/collector/internal/logger/pretty.go:221.21,222.47 1 0
github.com/limiar/collector/internal/logger/pretty.go:223.10,224.28 1 0
github.com/limiar/collector/internal/logger/redact.go:28.52,29.38 1 3112
github.com/limiar/collector/internal/logger/redact.go:29.38,32.28 3 0
github.com/limiar/collector/internal/logger/redact.go:32.28,34.4 1 0
github.com/limiar/collector/internal/logger/redact.go:35.3,35.68 1 0
github.com/limiar/collector/internal/logger/redact.go:37.2,37.55 1 3112
github.com/limiar/collector/internal/logger/redact.go:37.55,39.3 1 230
github.com/limiar/collector/internal/logger/redact.go:40.2,40.10 1 2882
github.com/limiar/collector/internal/logger/resolve.go:16.60,17.21 1 7
github.com/limiar/collector/internal/logger/resolve.go:17.21,18.20 1 5
github.com/limiar/collector/internal/logger/resolve.go:19.33,20.20 1 3
github.com/limiar/collector/internal/logger/resolve.go:21.11,23.17 2 2
github.com/limiar/collector/internal/logger/resolve.go:27.2,27.14 1 2
github.com/limiar/collector/internal/logger/resolve.go:27.14,29.3 1 1
github.com/limiar/collector/internal/logger/resolve.go:30.2,30.15 1 1
github.com/limiar/collector/internal/logger/slog.go:22.78,29.16 3 424
github.com/limiar/collector/internal/logger/slog.go:30.14,31.41 1 273
github.com/limiar/collector/internal/logger/slog.go:32.16,34.50 2 76
github.com/limiar/collector/internal/logger/slog.go:35.10,36.41 1 75
github.com/limiar/collector/internal/logger/slog.go:38.2,38.60 1 424
github.com/limiar/collector/internal/logger/slog.go:42.53,42.84 1 4
github.com/limiar/collector/internal/logger/slog.go:45.52,45.82 1 711
github.com/limiar/collector/internal/logger/slog.go:48.52,48.82 1 5
github.com/limiar/collector/internal/logger/slog.go:51.53,51.84 1 104
github.com/limiar/collector/internal/logger/slog.go:54.47,56.2 1 1
github.com/limiar/collector/internal/logger/slog.go:59.56,61.2 1 0
github.com/limiar/collector/internal/logger/slog.go:64.43,64.79 1 0
github.com/limiar/collector/internal/logger/slog.go:67.43,67.79 1 0
github.com/limiar/collector/internal/logger/slog.go:68.42,69.15 1 5
github.com/limiar/collector/internal/logger/slog.go:70.15,71.25 1 1
github.com/limiar/collector/internal/logger/slog.go:72.14,73.24 1 1
github.com/limiar/collector/internal/logger/slog.go:74.15,75.25 1 1
github.com/limiar/collector/internal/logger/slog.go:76.10,77.24 1 2
github.com/limiar/collector/internal/media/cache.go:24.51,25.15 1 24
github.com/limiar/collector/internal/media/cache.go:25.15,27.3 1 0
github.com/limiar/collector/internal/media/cache.go:28.2,30.3 1 24
github.com/limiar/collector/internal/media/cache.go:35.51,37.2 1 529
github.com/limiar/collector/internal/media/cache.go:41.49,43.2 1 515
github.com/limiar/collector/internal/media/cache.go:46.27,48.2 1 3
github.com/limiar/collector/internal/media/resolver.go:31.93,32.16 1 20
github.com/limiar/collector/internal/media/resolver.go:32.16,34.3 1 0
github.com/limiar/collector/internal/media/resolver.go:35.2,35.70 1 20
github.com/limiar/collector/internal/media/resolver.go:50.100,54.20 2 18
github.com/limiar/collector/internal/media/resolver.go:54.20,56.3 1 0
github.com/limiar/collector/internal/media/resolver.go:57.2,58.38 2 18
github.com/limiar/collector/internal/media/resolver.go:58.38,60.3 1 7
github.com/limiar/collector/internal/media/resolver.go:60.8,63.17 3 11
github.com/limiar/collector/internal/media/resolver.go:63.17,65.4 1 0
github.com/limiar/collector/internal/media/resolver.go:66.3,66.19 1 11
github.com/limiar/collector/internal/media/resolver.go:66.19,68.4 1 1
github.com/limiar/collector/internal/media/resolver.go:72.2,72.20 1 17
github.com/limiar/collector/internal/media/resolver.go:72.20,73.43 1 17
github.com/limiar/collector/internal/media/resolver.go:73.43,76.4 2 1
github.com/limiar/collector/internal/media/resolver.go:80.2,81.16 2 16
github.com/limiar/collector/internal/media/resolver.go:81.16,83.3 1 1
github.com/limiar/collector/internal/media/resolver.go:84.2,84.17 1 15
github.com/limiar/collector/internal/media/resolver.go:84.17,86.21 2 4
github.com/limiar/collector/internal/media/resolver.go:86.21,88.4 1 4
github.com/limiar/collector/internal/media/resolver.go:89.3,89.34 1 4
github.com/limiar/collector/internal/media/resolver.go:93.2,93.21 1 11
github.com/limiar/collector/internal/media/resolver.go:93.21,94.78 1 3
github.com/limiar/collector/internal/media/resolver.go:94.78,96.4 1 1
github.com/limiar/collector/internal/media/resolver.go:100.2,101.16 2 10
github.com/limiar/collector/internal/media/resolver.go:101.16,103.3 1 1
github.com/limiar/collector/internal/media/resolver.go:104.2,104.18 1 9
github.com/limiar/collector/internal/media/resolver.go:104.18,107.3 2 7
github.com/limiar/collector/internal/media/resolver.go:109.2,109.38 1 2
github.com/limiar/collector/internal/media/resolver.go:118.126,119.17 1 3
github.com/limiar/collector/internal/media/resolver.go:119.17,122.17 3 0
github.com/limiar/collector/internal/media/resolver.go:122.17,125.4 2 0
github.com/limiar/collector/internal/media/resolver.go:127.2,127.59 1 3
github.com/limiar/collector/internal/media/resolver.go:127.59,129.3 1 1
github.com/limiar/collector/internal/media/resolver.go:131.2,139.30 2 2
github.com/limiar/collector/internal/media/resolver.go:139.30,140.84 1 1
github.com/limiar/collector/internal/media/resolver.go:140.84,142.4 1 1
github.com/limiar/collector/internal/media/resolver.go:145.2,146.17 2 2
github.com/limiar/collector/internal/media/resolver.go:146.17,149.3 2 1
github.com/limiar/collector/internal/media/resolver.go:150.2,150.20 1 1
github.com/limiar/collector/internal/media/resolver.go:150.20,152.3 1 0
github.com/limiar/collector/internal/media/resolver.go:154.2,155.20 2 1
github.com/limiar/collector/internal/media/resolver.go:155.20,157.3 1 1
github.com/limiar/collector/internal/media/resolver.go:158.2,158.67 1 1
github.com/limiar/collector/internal/media/resolver.go:158.67,160.3 1 0
github.com/limiar/collector/internal/media/resolver.go:161.2,161.19 1 1
github.com/limiar/collector/internal/media/resolver.go:166.57,167.20 1 2
github.com/limiar/collector/internal/media/resolver.go:167.20,169.3 1 1
github.com/limiar/collector/internal/model/convert.go:12.60,16.45 4 0
github.com/limiar/collector/internal/model/convert.go:16.45,18.3 1 0
github.com/limiar/collector/internal/model/convert.go:19.2,19.21 1 0
github.com/limiar/collector/internal/model/convert.go:24.75,25.43 1 0
github.com/limiar/collector/internal/model/convert.go:25.43,27.27 2 0
github.com/limiar/collector/internal/model/convert.go:27.27,29.4 1 0
github.com/limiar/collector/internal/model/convert.go:30.3,31.10 2 0
github.com/limiar/collector/internal/model/convert.go:31.10,33.4 1 0
github.com/limiar/collector/internal/model/convert.go:34.3,34.57 1 0
github.com/limiar/collector/internal/model/convert.go:34.57,36.4 1 0
github.com/limiar/collector/internal/model/convert.go:37.3,37.21 1 0
github.com/limiar/collector/internal/model/convert.go:39.2,39.38 1 0
github.com/limiar/collector/internal/model/convert.go:39.38,41.3 1 0
github.com/limiar/collector/internal/model/convert.go:42.2,42.19 1 0
github.com/limiar/collector/internal/model/convert.go:46.28,47.7 1 2
github.com/limiar/collector/internal/model/convert.go:47.7,49.3 1 1
github.com/limiar/collector/internal/model/convert.go:50.2,50.10 1 1
github.com/limiar/collector/internal/model/convert.go:55.31,56.23 1 0
github.com/limiar/collector/internal/model/convert.go:57.15,58.18 1 0
github.com/limiar/collector/internal/model/convert.go:59.19,61.11 2 0
github.com/limiar/collector/internal/model/convert.go:62.13,63.11 1 0
github.com/limiar/collector/internal/model/convert.go:64.11,65.18 1 0
github.com/limiar/collector/internal/model/convert.go:67.2,67.10 1 0
github.com/limiar/collector/internal/model/convert.go:71.27,73.2 1 0
github.com/limiar/collector/internal/model/convert.go:76.33,77.23 1 0
github.com/limiar/collector/internal/model/convert.go:78.14,79.11 1 0
github.com/limiar/collector/internal/model/convert.go:80.19,81.20 1 0
github.com/limiar/collector/internal/model/convert.go:83.2,83.11 1 0
github.com/limiar/collector/internal/model/convert.go:98.57,100.9 2 0
github.com/limiar/collector/internal/model/convert.go:100.9,102.3 1 0
github.com/limiar/collector/internal/model/convert.go:103.2,104.9 2 0
github.com/limiar/collector/internal/model/convert.go:104.9,106.3 1 0
github.com/limiar/collector/internal/model/convert.go:107.2,112.3 1 0
github.com/limiar/collector/internal/model/time.go:11.38,12.13 1 5
github.com/limiar/collector/internal/model/time.go:12.13,14.3 1 1
github.com/limiar/collector/internal/model/time.go:15.2,16.16 2 4
github.com/limiar/collector/internal/model/time.go:16.16,18.59 1 3
github.com/limiar/collector/internal/model/time.go:18.59,20.4 1 1
github.com/limiar/collector/internal/model/time.go:21.3,21.21 1 2
github.com/limiar/collector/internal/model/time.go:23.2,23.10 1 1
github.com/limiar/collector/internal/processor/classify.go:24.56,25.34 1 4
github.com/limiar/collector/internal/processor/classify.go:26.59,27.14 1 4
github.com/limiar/collector/internal/processor/classify.go:28.10,29.15 1 0
github.com/limiar/collector/internal/processor/classify.go:43.50,47.35 2 16
github.com/limiar/collector/internal/processor/classify.go:47.35,49.3 1 1
github.com/limiar/collector/internal/processor/classify.go:52.2,52.83 1 15
github.com/limiar/collector/internal/processor/classify.go:52.83,54.3 1 1
github.com/limiar/collector/internal/processor/classify.go:57.2,57.15 1 14
github.com/limiar/collector/internal/processor/classify.go:57.15,58.10 1 8
github.com/limiar/collector/internal/processor/classify.go:59.36,60.27 1 2
github.com/limiar/collector/internal/processor/classify.go:61.20,62.27 1 5
github.com/limiar/collector/internal/processor/classify.go:63.11,64.26 1 1
github.com/limiar/collector/internal/processor/classify.go:70.2,70.22 1 6
github.com/limiar/collector/internal/processor/classify.go:71.15,72.19 1 1
github.com/limiar/collector/internal/processor/classify.go:73.18,74.22 1 1
github.com/limiar/collector/internal/processor/classify.go:75.14,76.24 1 1
github.com/limiar/collector/internal/processor/classify.go:80.2,80.65 1 3
github.com/limiar/collector/internal/processor/classify.go:80.65,82.3 1 1
github.com/limiar/collector/internal/processor/classify.go:85.2,85.70 1 2
github.com/limiar/collector/internal/processor/classify.go:85.70,87.3 1 1
github.com/limiar/collector/internal/processor/classify.go:90.2,90.23 1 1
github.com/limiar/collector/internal/processor/config.go:33.50,38.37 4 0
github.com/limiar/collector/internal/processor/config.go:38.37,40.3 1 0
github.com/limiar/collector/internal/processor/config.go:42.2,46.4 1 0
github.com/limiar/collector/internal/processor/config.go:46.4,47.40 1 0
github.com/limiar/collector/internal/processor/config.go:47.40,49.4 1 0
github.com/limiar/collector/internal/processor/config.go:52.2,53.40 2 0
github.com/limiar/collector/internal/processor/config.go:53.40,55.3 1 0
github.com/limiar/collector/internal/processor/config.go:57.2,58.16 2 0
github.com/limiar/collector/internal/processor/config.go:61.34,62.20 1 3
github.com/limiar/collector/internal/processor/config.go:62.20,64.3 1 2
github.com/limiar/collector/internal/processor/config.go:65.2,65.25 1 3
github.com/limiar/collector/internal/processor/config.go:65.25,67.3 1 2
github.com/limiar/collector/internal/processor/config.go:68.2,68.22 1 3
github.com/limiar/collector/internal/processor/config.go:68.22,70.3 1 2
github.com/limiar/collector/internal/processor/config.go:71.2,71.22 1 3
github.com/limiar/collector/internal/processor/config.go:71.22,73.3 1 2
github.com/limiar/collector/internal/processor/config.go:77.35,78.43 1 10
github.com/limiar/collector/internal/processor/config.go:78.43,80.3 1 2
github.com/limiar/collector/internal/processor/config.go:81.2,81.68 1 8
github.com/limiar/collector/internal/processor/config.go:81.68,83.3 1 2
github.com/limiar/collector/internal/processor/config.go:84.2,84.28 1 6
github.com/limiar/collector/internal/processor/config.go:84.28,86.3 1 1
github.com/limiar/collector/internal/processor/config.go:87.2,87.12 1 5
github.com/limiar/collector/internal/processor/config.go:90.25,92.16 2 0
github.com/limiar/collector/internal/processor/config.go:92.16,93.25 1 0
github.com/limiar/collector/internal/processor/config.go:93.25,95.4 1 0
github.com/limiar/collector/internal/processor/config.go:96.3,96.13 1 0
github.com/limiar/collector/internal/processor/config.go:98.2,98.57 1 0
github.com/limiar/collector/internal/processor/config.go:98.57,100.49 2 0
github.com/limiar/collector/internal/processor/config.go:100.49,101.12 1 0
github.com/limiar/collector/internal/processor/config.go:103.3,104.15 2 0
github.com/limiar/collector/internal/processor/config.go:104.15,105.12 1 0
github.com/limiar/collector/internal/processor/config.go:107.3,109.20 3 0
github.com/limiar/collector/internal/processor/config.go:109.20,111.72 2 0
github.com/limiar/collector/internal/processor/config.go:111.72,113.5 1 0
github.com/limiar/collector/internal/processor/config.go:115.3,115.46 1 0
github.com/limiar/collector/internal/processor/config.go:115.46,117.4 1 0
github.com/limiar/collector/internal/processor/config.go:119.2,119.12 1 0
github.com/limiar/collector/internal/processor/cre.go:5.67,6.16 1 29
github.com/limiar/collector/internal/processor/cre.go:6.16,8.3 1 0
github.com/limiar/collector/internal/processor/cre.go:10.2,13.26 4 29
github.com/limiar/collector/internal/processor/cre.go:13.26,15.3 1 1
github.com/limiar/collector/internal/processor/cre.go:17.2,19.43 3 28
github.com/limiar/collector/internal/processor/cre.go:19.43,21.24 2 11
github.com/limiar/collector/internal/processor/cre.go:21.24,24.4 2 0
github.com/limiar/collector/internal/processor/cre.go:27.2,32.48 2 28
github.com/limiar/collector/internal/processor/cre.go:32.48,34.3 1 13
github.com/limiar/collector/internal/processor/cre.go:35.2,36.23 2 15
github.com/limiar/collector/internal/processor/cre.go:36.23,42.3 1 0
github.com/limiar/collector/internal/processor/cre.go:43.2,43.15 1 15
github.com/limiar/collector/internal/processor/cre.go:46.77,56.2 9 39
github.com/limiar/collector/internal/processor/cre.go:58.51,59.15 1 39
github.com/limiar/collector/internal/processor/cre.go:59.15,61.3 1 0
github.com/limiar/collector/internal/processor/cre.go:62.2,62.15 1 39
github.com/limiar/collector/internal/processor/cre.go:62.15,64.3 1 0
github.com/limiar/collector/internal/processor/cre.go:65.2,65.14 1 39
github.com/limiar/collector/internal/processor/cre_embed.go:31.42,33.16 2 4
github.com/limiar/collector/internal/processor/cre_embed.go:33.16,35.3 1 0
github.com/limiar/collector/internal/processor/cre_embed.go:36.2,37.56 2 4
github.com/limiar/collector/internal/processor/cre_embed.go:37.56,39.49 2 112
github.com/limiar/collector/internal/processor/cre_embed.go:39.49,40.12 1 8
github.com/limiar/collector/internal/processor/cre_embed.go:42.3,42.30 1 104
github.com/limiar/collector/internal/processor/cre_embed.go:44.2,44.14 1 4
github.com/limiar/collector/internal/processor/cre_embed.go:47.35,48.26 1 82
github.com/limiar/collector/internal/processor/cre_embed.go:48.26,50.3 1 1
github.com/limiar/collector/internal/processor/cre_embed.go:51.2,51.18 1 82
github.com/limiar/collector/internal/processor/cre_embed.go:54.39,55.30 1 1
github.com/limiar/collector/internal/processor/cre_embed.go:55.30,57.3 1 1
github.com/limiar/collector/internal/processor/cre_embed.go:58.2,58.22 1 1
github.com/limiar/collector/internal/processor/cre_embed.go:61.45,62.36 1 1
github.com/limiar/collector/internal/processor/cre_embed.go:62.36,64.3 1 1
github.com/limiar/collector/internal/processor/cre_embed.go:65.2,65.28 1 1
github.com/limiar/collector/internal/processor/cre_embed.go:68.39,69.30 1 130
github.com/limiar/collector/internal/processor/cre_embed.go:69.30,71.3 1 1
github.com/limiar/collector/internal/processor/cre_embed.go:72.2,72.22 1 130
github.com/limiar/collector/internal/processor/cre_embed.go:75.53,76.36 1 77
github.com/limiar/collector/internal/processor/cre_embed.go:76.36,77.49 1 1
github.com/limiar/collector/internal/processor/cre_embed.go:77.49,79.18 2 19
github.com/limiar/collector/internal/processor/cre_embed.go:79.18,80.13 1 0
github.com/limiar/collector/internal/processor/cre_embed.go:82.4,82.57 1 19
github.com/limiar/collector/internal/processor/cre_embed.go:85.2,85.28 1 77
github.com/limiar/collector/internal/processor/cre_embed.go:88.58,89.41 1 19
github.com/limiar/collector/internal/processor/cre_embed.go:89.41,90.56 1 1
github.com/limiar/collector/internal/processor/cre_embed.go:90.56,92.20 2 13
github.com/limiar/collector/internal/processor/cre_embed.go:92.20,93.13 1 0
github.com/limiar/collector/internal/processor/cre_embed.go:95.4,95.139 1 13
github.com/limiar/collector/internal/processor/cre_embed.go:98.2,98.33 1 19
github.com/limiar/collector/internal/processor/cre_embed.go:101.61,102.44 1 47
github.com/limiar/collector/internal/processor/cre_embed.go:102.44,103.49 1 1
github.com/limiar/collector/internal/processor/cre_embed.go:103.49,105.19 2 40
github.com/limiar/collector/internal/processor/cre_embed.go:105.19,106.13 1 0
github.com/limiar/collector/internal/processor/cre_embed.go:108.4,108.138 1 40
github.com/limiar/collector/internal/processor/cre_embed.go:111.2,111.36 1 47
github.com/limiar/collector/internal/processor/cre_normalize.go:16.47,24.32 8 19
github.com/limiar/collector/internal/processor/cre_normalize.go:24.32,26.3 1 1
github.com/limiar/collector/internal/processor/cre_normalize.go:27.2,27.41 1 19
github.com/limiar/collector/internal/processor/cre_normalize.go:30.58,31.56 1 19
github.com/limiar/collector/internal/processor/cre_normalize.go:31.56,33.3 1 247
github.com/limiar/collector/internal/processor/cre_normalize.go:34.2,34.32 1 19
github.com/limiar/collector/internal/processor/cre_normalize.go:37.55,39.2 1 19
github.com/limiar/collector/internal/processor/cre_normalize.go:41.57,43.2 1 19
github.com/limiar/collector/internal/processor/cre_normalize.go:45.58,47.2 1 19
github.com/limiar/collector/internal/processor/cre_normalize.go:49.54,50.59 1 47
github.com/limiar/collector/internal/processor/cre_normalize.go:50.59,52.3 1 1880
github.com/limiar/collector/internal/processor/cre_normalize.go:53.2,53.32 1 47
github.com/limiar/collector/internal/processor/cre_normalize.go:56.53,61.2 4 66
github.com/limiar/collector/internal/processor/cre_normalize.go:63.45,66.25 3 19
github.com/limiar/collector/internal/processor/cre_normalize.go:66.25,67.27 1 340
github.com/limiar/collector/internal/processor/cre_normalize.go:67.27,68.12 1 88
github.com/limiar/collector/internal/processor/cre_normalize.go:70.3,71.25 2 252
github.com/limiar/collector/internal/processor/cre_normalize.go:71.25,73.4 1 196
github.com/limiar/collector/internal/processor/cre_normalize.go:75.2,75.34 1 19
github.com/limiar/collector/internal/processor/cre_normalize.go:78.47,80.29 2 1
github.com/limiar/collector/internal/processor/cre_normalize.go:80.29,82.3 1 4
github.com/limiar/collector/internal/processor/cre_normalize.go:83.2,83.33 1 1
github.com/limiar/collector/internal/processor/cre_normalize.go:86.51,88.34 2 4
github.com/limiar/collector/internal/processor/cre_normalize.go:88.34,90.3 1 1
github.com/limiar/collector/internal/processor/cre_normalize.go:91.2,91.55 1 3
github.com/limiar/collector/internal/processor/cre_normalize.go:91.55,93.3 1 0
github.com/limiar/collector/internal/processor/cre_normalize.go:94.2,95.28 2 3
github.com/limiar/collector/internal/processor/cre_normalize.go:95.28,96.26 1 3
github.com/limiar/collector/internal/processor/cre_normalize.go:96.26,98.9 2 3
github.com/limiar/collector/internal/processor/cre_normalize.go:101.2,101.24 1 3
github.com/limiar/collector/internal/processor/cre_normalize.go:104.61,105.44 1 3
github.com/limiar/collector/internal/processor/cre_normalize.go:105.44,106.38 1 96
github.com/limiar/collector/internal/processor/cre_normalize.go:106.38,108.4 1 0
github.com/limiar/collector/internal/processor/cre_normalize.go:110.2,110.18 1 3
github.com/limiar/collector/internal/processor/cre_scorers.go:9.63,10.18 1 41
github.com/limiar/collector/internal/processor/cre_scorers.go:11.16,12.14 1 29
github.com/limiar/collector/internal/processor/cre_scorers.go:13.16,14.14 1 1
github.com/limiar/collector/internal/processor/cre_scorers.go:15.18,16.14 1 6
github.com/limiar/collector/internal/processor/cre_scorers.go:17.10,18.11 1 5
github.com/limiar/collector/internal/processor/cre_scorers.go:22.69,24.21 2 75
github.com/limiar/collector/internal/processor/cre_scorers.go:24.21,26.3 1 0
github.com/limiar/collector/internal/processor/cre_scorers.go:27.2,29.29 3 75
github.com/limiar/collector/internal/processor/cre_scorers.go:29.29,31.35 2 503
github.com/limiar/collector/internal/processor/cre_scorers.go:31.35,32.12 1 32
github.com/limiar/collector/internal/processor/cre_scorers.go:34.3,35.35 2 471
github.com/limiar/collector/internal/processor/cre_scorers.go:35.35,37.4 1 125
github.com/limiar/collector/internal/processor/cre_scorers.go:39.2,39.21 1 75
github.com/limiar/collector/internal/processor/cre_scorers.go:39.21,41.3 1 0
github.com/limiar/collector/internal/processor/cre_scorers.go:42.2,42.53 1 75
github.com/limiar/collector/internal/processor/cre_scorers.go:42.53,44.3 1 11
github.com/limiar/collector/internal/processor/cre_scorers.go:45.2,45.10 1 64
github.com/limiar/collector/internal/processor/cre_scorers.go:48.66,50.51 2 77
github.com/limiar/collector/internal/processor/cre_scorers.go:50.51,51.29 1 1463
github.com/limiar/collector/internal/processor/cre_scorers.go:51.29,53.4 1 22
github.com/limiar/collector/internal/processor/cre_scorers.go:55.2,55.18 1 77
github.com/limiar/collector/internal/processor/cre_scorers.go:55.18,57.3 1 60
github.com/limiar/collector/internal/processor/cre_scorers.go:58.2,58.18 1 17
github.com/limiar/collector/internal/processor/cre_scorers.go:58.18,60.3 1 1
github.com/limiar/collector/internal/processor/cre_scorers.go:61.2,61.32 1 16
github.com/limiar/collector/internal/processor/cre_scorers.go:64.65,65.44 1 79
github.com/limiar/collector/internal/processor/cre_scorers.go:65.44,66.47 1 1890
github.com/limiar/collector/internal/processor/cre_scorers.go:66.47,68.4 1 24
github.com/limiar/collector/internal/processor/cre_scorers.go:70.2,70.10 1 55
github.com/limiar/collector/internal/processor/cre_scorers.go:73.66,74.30 1 39
github.com/limiar/collector/internal/processor/cre_scorers.go:74.30,76.3 1 2
github.com/limiar/collector/internal/processor/cre_scorers.go:77.2,77.77 1 37
github.com/limiar/collector/internal/processor/cre_scorers.go:77.77,79.3 1 4
github.com/limiar/collector/internal/processor/cre_scorers.go:80.2,80.10 1 33
github.com/limiar/collector/internal/processor/cre_scorers.go:83.66,84.48 1 42
github.com/limiar/collector/internal/processor/cre_scorers.go:84.48,85.47 1 968
github.com/limiar/collector/internal/processor/cre_scorers.go:85.47,87.4 1 21
github.com/limiar/collector/internal/processor/cre_scorers.go:89.2,89.10 1 21
github.com/limiar/collector/internal/processor/cre_scorers.go:98.73,100.48 1 39
github.com/limiar/collector/internal/processor/cre_scorers.go:100.48,102.3 1 3
github.com/limiar/collector/internal/processor/cre_scorers.go:103.2,107.25 4 36
github.com/limiar/collector/internal/processor/cre_scorers.go:107.25,109.3 1 9
github.com/limiar/collector/internal/processor/cre_scorers.go:111.2,111.14 1 27
github.com/limiar/collector/internal/processor/cre_scorers.go:111.14,113.3 1 26
github.com/limiar/collector/internal/processor/cre_scorers.go:114.2,114.10 1 1
github.com/limiar/collector/internal/processor/cre_scorers.go:117.45,118.55 1 103
github.com/limiar/collector/internal/processor/cre_scorers.go:118.55,120.3 1 3379
github.com/limiar/collector/internal/processor/cre_scorers.go:121.2,122.31 2 103
github.com/limiar/collector/internal/processor/cre_scorers.go:122.31,123.18 1 630
github.com/limiar/collector/internal/processor/cre_scorers.go:123.18,125.4 1 630
github.com/limiar/collector/internal/processor/cre_scorers.go:127.2,127.14 1 103
github.com/limiar/collector/internal/processor/cre_scorers.go:130.47,134.25 4 471
github.com/limiar/collector/internal/processor/cre_scorers.go:134.25,135.26 1 2060
github.com/limiar/collector/internal/processor/cre_scorers.go:135.26,136.17 1 1848
github.com/limiar/collector/internal/processor/cre_scorers.go:136.17,139.5 2 373
github.com/limiar/collector/internal/processor/cre_scorers.go:139.10,139.33 1 1475
github.com/limiar/collector/internal/processor/cre_scorers.go:139.33,141.5 1 1417
github.com/limiar/collector/internal/processor/cre_scorers.go:144.2,144.31 1 471
github.com/limiar/collector/internal/processor/cre_scorers.go:147.46,148.14 1 507
github.com/limiar/collector/internal/processor/cre_scorers.go:149.100,150.14 1 33
github.com/limiar/collector/internal/processor/cre_scorers.go:151.10,152.15 1 474
github.com/limiar/collector/internal/processor/cre_scorers.go:156.58,159.18 3 4830
github.com/limiar/collector/internal/processor/cre_scorers.go:159.18,161.3 1 0
github.com/limiar/collector/internal/processor/cre_scorers.go:162.2,163.6 2 4830
github.com/limiar/collector/internal/processor/cre_scorers.go:163.6,165.14 2 4830
github.com/limiar/collector/internal/processor/cre_scorers.go:165.14,167.4 1 4740
github.com/limiar/collector/internal/processor/cre_scorers.go:168.3,170.82 3 90
github.com/limiar/collector/internal/processor/cre_scorers.go:170.82,172.4 1 90
github.com/limiar/collector/internal/processor/cre_scorers.go:173.3,174.16 2 0
github.com/limiar/collector/internal/processor/cre_scorers.go:174.16,176.4 1 0
github.com/limiar/collector/internal/processor/cre_scorers.go:177.3,177.21 1 0
github.com/limiar/collector/internal/processor/cre_scorers.go:181.59,182.14 1 90
github.com/limiar/collector/internal/processor/cre_scorers.go:182.14,184.3 1 39
github.com/limiar/collector/internal/processor/cre_scorers.go:185.2,186.33 2 51
github.com/limiar/collector/internal/processor/cre_scorers.go:189.58,190.22 1 90
github.com/limiar/collector/internal/processor/cre_scorers.go:190.22,192.3 1 10
github.com/limiar/collector/internal/processor/cre_scorers.go:193.2,194.33 2 80
github.com/limiar/collector/internal/processor/cre_scorers.go:197.41,199.2 1 131
github.com/limiar/collector/internal/processor/cre_sources.go:11.55,13.17 2 31
github.com/limiar/collector/internal/processor/cre_sources.go:13.17,15.3 1 27
github.com/limiar/collector/internal/processor/cre_sources.go:16.2,23.3 1 4
github.com/limiar/collector/internal/processor/cre_sources.go:26.55,29.21 3 30
github.com/limiar/collector/internal/processor/cre_sources.go:29.21,31.3 1 0
github.com/limiar/collector/internal/processor/cre_sources.go:35.2,36.29 2 30
github.com/limiar/collector/internal/processor/cre_sources.go:36.29,37.43 1 45
github.com/limiar/collector/internal/processor/cre_sources.go:37.43,38.12 1 7
github.com/limiar/collector/internal/processor/cre_sources.go:40.3,40.44 1 38
github.com/limiar/collector/internal/processor/cre_sources.go:42.2,42.28 1 30
github.com/limiar/collector/internal/processor/cre_sources.go:42.28,44.3 1 1
github.com/limiar/collector/internal/processor/cre_sources.go:46.2,47.27 2 29
github.com/limiar/collector/internal/processor/cre_sources.go:47.27,49.3 1 7
github.com/limiar/collector/internal/processor/cre_sources.go:52.2,52.61 1 29
github.com/limiar/collector/internal/processor/cre_sources.go:52.61,54.48 2 3
github.com/limiar/collector/internal/processor/cre_sources.go:54.48,56.4 1 3
github.com/limiar/collector/internal/processor/cre_sources.go:59.2,59.19 1 29
github.com/limiar/collector/internal/processor/cre_sources.go:62.50,64.48 2 30
github.com/limiar/collector/internal/processor/cre_sources.go:64.48,66.17 2 48
github.com/limiar/collector/internal/processor/cre_sources.go:66.17,67.12 1 3
github.com/limiar/collector/internal/processor/cre_sources.go:69.3,69.30 1 45
github.com/limiar/collector/internal/processor/cre_sources.go:71.2,71.14 1 30
github.com/limiar/collector/internal/processor/cre_sources.go:74.45,76.50 2 58
github.com/limiar/collector/internal/processor/cre_sources.go:76.50,78.3 1 126
github.com/limiar/collector/internal/processor/cre_sources.go:79.2,80.32 2 58
github.com/limiar/collector/internal/processor/cre_sources.go:83.117,85.56 2 39
github.com/limiar/collector/internal/processor/cre_sources.go:85.56,87.3 1 0
github.com/limiar/collector/internal/processor/cre_sources.go:88.2,93.4 1 39
github.com/limiar/collector/internal/processor/cre_sources.go:96.55,97.37 1 87
github.com/limiar/collector/internal/processor/cre_sources.go:97.37,99.3 1 42
github.com/limiar/collector/internal/processor/cre_sources.go:100.2,101.132 2 45
github.com/limiar/collector/internal/processor/cre_sources.go:101.132,103.3 1 17
github.com/limiar/collector/internal/processor/cre_sources.go:104.2,105.45 2 28
github.com/limiar/collector/internal/processor/cre_sources.go:108.49,109.48 1 87
github.com/limiar/collector/internal/processor/cre_sources.go:109.48,110.45 1 1972
github.com/limiar/collector/internal/processor/cre_sources.go:110.45,112.4 1 45
github.com/limiar/collector/internal/processor/cre_sources.go:114.2,114.14 1 42
github.com/limiar/collector/internal/processor/cre_sources.go:117.47,118.29 1 29
github.com/limiar/collector/internal/processor/cre_sources.go:118.29,119.117 1 37
github.com/limiar/collector/internal/processor/cre_sources.go:119.117,121.4 1 11
github.com/limiar/collector/internal/processor/cre_sources.go:123.2,123.11 1 18
github.com/limiar/collector/internal/processor/extract_coupons.go:20.49,25.70 4 40
github.com/limiar/collector/internal/processor/extract_coupons.go:25.70,26.61 1 13
github.com/limiar/collector/internal/processor/extract_coupons.go:26.61,28.32 2 16
github.com/limiar/collector/internal/processor/extract_coupons.go:28.32,29.13 1 0
github.com/limiar/collector/internal/processor/extract_coupons.go:31.4,32.114 2 16
github.com/limiar/collector/internal/processor/extract_coupons.go:36.2,36.70 1 40
github.com/limiar/collector/internal/processor/extract_coupons.go:36.70,38.3 1 1
github.com/limiar/collector/internal/processor/extract_coupons.go:39.2,39.69 1 40
github.com/limiar/collector/internal/processor/extract_coupons.go:39.69,41.32 2 1
github.com/limiar/collector/internal/processor/extract_coupons.go:41.32,43.4 1 1
github.com/limiar/collector/internal/processor/extract_coupons.go:45.2,45.41 1 40
github.com/limiar/collector/internal/processor/extract_coupons.go:45.41,47.3 1 1
github.com/limiar/collector/internal/processor/extract_coupons.go:48.2,48.16 1 40
github.com/limiar/collector/internal/processor/extract_modifiers.go:24.53,26.33 2 44
github.com/limiar/collector/internal/processor/extract_modifiers.go:26.33,27.31 1 26
github.com/limiar/collector/internal/processor/extract_modifiers.go:27.31,28.41 1 5
github.com/limiar/collector/internal/processor/extract_modifiers.go:28.41,30.5 1 0
github.com/limiar/collector/internal/processor/extract_modifiers.go:32.3,32.73 1 26
github.com/limiar/collector/internal/processor/extract_modifiers.go:35.2,35.37 1 44
github.com/limiar/collector/internal/processor/extract_modifiers.go:35.37,37.3 1 7
github.com/limiar/collector/internal/processor/extract_modifiers.go:38.2,38.36 1 44
github.com/limiar/collector/internal/processor/extract_modifiers.go:38.36,40.3 1 2
github.com/limiar/collector/internal/processor/extract_modifiers.go:40.8,40.39 1 42
github.com/limiar/collector/internal/processor/extract_modifiers.go:40.39,42.3 1 4
github.com/limiar/collector/internal/processor/extract_modifiers.go:43.2,43.63 1 44
github.com/limiar/collector/internal/processor/extract_modifiers.go:43.63,45.3 1 2
github.com/limiar/collector/internal/processor/extract_modifiers.go:46.2,46.40 1 44
github.com/limiar/collector/internal/processor/extract_modifiers.go:46.40,48.21 2 1
github.com/limiar/collector/internal/processor/extract_modifiers.go:48.21,50.4 1 1
github.com/limiar/collector/internal/processor/extract_modifiers.go:50.9,52.4 1 0
github.com/limiar/collector/internal/processor/extract_modifiers.go:53.8,53.41 1 43
github.com/limiar/collector/internal/processor/extract_modifiers.go:53.41,55.3 1 1
github.com/limiar/collector/internal/processor/extract_modifiers.go:56.2,56.63 1 44
github.com/limiar/collector/internal/processor/extract_modifiers.go:56.63,58.24 2 2
github.com/limiar/collector/internal/processor/extract_modifiers.go:58.24,60.4 1 2
github.com/limiar/collector/internal/processor/extract_modifiers.go:61.8,61.46 1 42
github.com/limiar/collector/internal/processor/extract_modifiers.go:61.46,63.3 1 1
github.com/limiar/collector/internal/processor/extract_modifiers.go:64.2,64.33 1 44
github.com/limiar/collector/internal/processor/extract_modifiers.go:64.33,66.3 1 2
github.com/limiar/collector/internal/processor/extract_modifiers.go:67.2,67.33 1 44
github.com/limiar/collector/internal/processor/extract_modifiers.go:67.33,69.3 1 2
github.com/limiar/collector/internal/processor/extract_modifiers.go:70.2,70.35 1 44
github.com/limiar/collector/internal/processor/extract_modifiers.go:70.35,72.3 1 2
github.com/limiar/collector/internal/processor/extract_modifiers.go:73.2,73.18 1 44
github.com/limiar/collector/internal/processor/extract_modifiers.go:77.75,79.16 2 29
github.com/limiar/collector/internal/processor/extract_modifiers.go:79.16,81.3 1 27
github.com/limiar/collector/internal/processor/extract_modifiers.go:82.2,86.40 2 2
github.com/limiar/collector/internal/processor/extract_modifiers.go:86.40,88.3 1 1
github.com/limiar/collector/internal/processor/extract_modifiers.go:89.2,89.68 1 2
github.com/limiar/collector/internal/processor/extract_modifiers.go:89.68,92.3 2 1
github.com/limiar/collector/internal/processor/extract_modifiers.go:93.2,93.69 1 2
github.com/limiar/collector/internal/processor/extract_modifiers.go:93.69,95.3 1 0
github.com/limiar/collector/internal/processor/extract_modifiers.go:96.2,96.11 1 2
github.com/limiar/collector/internal/processor/extract_modifiers.go:99.65,101.73 2 3
github.com/limiar/collector/internal/processor/extract_modifiers.go:101.73,103.3 1 3
github.com/limiar/collector/internal/processor/extract_modifiers.go:104.2,104.74 1 0
github.com/limiar/collector/internal/processor/extract_modifiers.go:104.74,106.3 1 0
github.com/limiar/collector/internal/processor/extract_modifiers.go:107.2,107.11 1 0
github.com/limiar/collector/internal/processor/extract_webpage.go:6.63,8.9 2 29
github.com/limiar/collector/internal/processor/extract_webpage.go:8.9,10.3 1 18
github.com/limiar/collector/internal/processor/extract_webpage.go:11.2,12.9 2 11
github.com/limiar/collector/internal/processor/extract_webpage.go:12.9,14.3 1 6
github.com/limiar/collector/internal/processor/extract_webpage.go:15.2,19.3 1 5
github.com/limiar/collector/internal/processor/normalizer.go:40.33,45.2 4 26
github.com/limiar/collector/internal/processor/normalizer.go:89.67,91.16 2 27
github.com/limiar/collector/internal/processor/normalizer.go:91.16,93.3 1 0
github.com/limiar/collector/internal/processor/normalizer.go:95.2,96.16 2 27
github.com/limiar/collector/internal/processor/normalizer.go:96.16,98.3 1 1
github.com/limiar/collector/internal/processor/normalizer.go:100.2,127.39 19 26
github.com/limiar/collector/internal/processor/normalizer.go:127.39,130.3 2 2
github.com/limiar/collector/internal/processor/normalizer.go:132.2,146.32 11 26
github.com/limiar/collector/internal/processor/normalizer.go:146.32,148.3 1 2
github.com/limiar/collector/internal/processor/normalizer.go:149.2,150.16 2 26
github.com/limiar/collector/internal/processor/normalizer.go:150.16,152.3 1 26
github.com/limiar/collector/internal/processor/normalizer.go:154.2,154.16 1 26
github.com/limiar/collector/internal/processor/normalizer.go:160.56,161.63 1 34
github.com/limiar/collector/internal/processor/normalizer.go:161.63,163.37 2 4
github.com/limiar/collector/internal/processor/normalizer.go:163.37,165.4 1 3
github.com/limiar/collector/internal/processor/normalizer.go:165.9,165.44 1 1
github.com/limiar/collector/internal/processor/normalizer.go:165.44,171.21 5 1
github.com/limiar/collector/internal/processor/normalizer.go:171.21,174.47 3 1
github.com/limiar/collector/internal/processor/normalizer.go:174.47,176.6 1 1
github.com/limiar/collector/internal/processor/normalizer.go:176.11,178.6 1 0
github.com/limiar/collector/internal/processor/normalizer.go:179.5,179.51 1 1
github.com/limiar/collector/internal/processor/normalizer.go:179.51,181.6 1 1
github.com/limiar/collector/internal/processor/normalizer.go:182.5,182.11 1 1
github.com/limiar/collector/internal/processor/normalizer.go:185.3,185.38 1 3
github.com/limiar/collector/internal/processor/normalizer.go:185.38,189.50 4 3
github.com/limiar/collector/internal/processor/normalizer.go:189.50,191.5 1 3
github.com/limiar/collector/internal/processor/normalizer.go:192.4,192.10 1 3
github.com/limiar/collector/internal/processor/normalizer.go:197.2,197.61 1 30
github.com/limiar/collector/internal/processor/normalizer.go:197.61,201.3 3 9
github.com/limiar/collector/internal/processor/normalizer.go:204.2,204.64 1 21
github.com/limiar/collector/internal/processor/normalizer.go:204.64,207.3 2 3
github.com/limiar/collector/internal/processor/normalizer.go:210.2,210.79 1 21
github.com/limiar/collector/internal/processor/normalizer.go:210.79,212.29 2 2
github.com/limiar/collector/internal/processor/normalizer.go:212.29,214.56 2 2
github.com/limiar/collector/internal/processor/normalizer.go:214.56,216.5 1 2
github.com/limiar/collector/internal/processor/normalizer.go:218.3,218.19 1 2
github.com/limiar/collector/internal/processor/normalizer.go:218.19,221.4 2 2
github.com/limiar/collector/internal/processor/normalizer.go:226.55,230.40 4 33
github.com/limiar/collector/internal/processor/normalizer.go:230.40,231.24 1 9
github.com/limiar/collector/internal/processor/normalizer.go:231.24,234.4 2 9
github.com/limiar/collector/internal/processor/normalizer.go:239.57,241.40 2 34
github.com/limiar/collector/internal/processor/normalizer.go:241.40,242.24 1 13
github.com/limiar/collector/internal/processor/normalizer.go:243.18,244.31 1 3
github.com/limiar/collector/internal/processor/normalizer.go:244.31,246.5 1 3
github.com/limiar/collector/internal/processor/normalizer.go:247.19,249.82 2 5
github.com/limiar/collector/internal/processor/normalizer.go:249.82,251.5 1 5
github.com/limiar/collector/internal/processor/normalizer.go:252.23,254.59 2 1
github.com/limiar/collector/internal/processor/normalizer.go:254.59,256.27 2 1
github.com/limiar/collector/internal/processor/normalizer.go:256.27,258.6 1 0
github.com/limiar/collector/internal/processor/normalizer.go:260.19,261.24 1 1
github.com/limiar/collector/internal/processor/normalizer.go:262.19,263.67 1 1
github.com/limiar/collector/internal/processor/normalizer.go:263.67,265.5 1 1
github.com/limiar/collector/internal/processor/normalizer.go:266.20,267.25 1 2
github.com/limiar/collector/internal/processor/normalizer.go:272.55,274.9 2 1
github.com/limiar/collector/internal/processor/normalizer.go:274.9,276.3 1 0
github.com/limiar/collector/internal/processor/normalizer.go:277.2,278.31 2 1
github.com/limiar/collector/internal/processor/normalizer.go:281.61,283.9 2 1
github.com/limiar/collector/internal/processor/normalizer.go:283.9,285.3 1 0
github.com/limiar/collector/internal/processor/normalizer.go:286.2,287.43 2 1
github.com/limiar/collector/internal/processor/normalizer.go:290.85,294.32 4 26
github.com/limiar/collector/internal/processor/normalizer.go:294.32,296.3 1 2
github.com/limiar/collector/internal/processor/normalizer.go:297.2,297.90 1 26
github.com/limiar/collector/internal/processor/normalizer.go:297.90,299.3 1 3
github.com/limiar/collector/internal/processor/normalizer.go:302.86,304.23 2 26
github.com/limiar/collector/internal/processor/normalizer.go:304.23,306.3 1 22
github.com/limiar/collector/internal/processor/normalizer.go:307.2,308.32 2 4
github.com/limiar/collector/internal/processor/normalizer.go:308.32,310.9 2 5
github.com/limiar/collector/internal/processor/normalizer.go:310.9,312.4 1 5
github.com/limiar/collector/internal/processor/normalizer.go:314.2,314.21 1 4
github.com/limiar/collector/internal/processor/normalizer.go:314.21,316.3 1 0
github.com/limiar/collector/internal/processor/normalizer.go:317.2,317.21 1 4
github.com/limiar/collector/internal/processor/normalizer.go:317.21,319.3 1 1
github.com/limiar/collector/internal/processor/normalizer.go:320.2,320.30 1 3
github.com/limiar/collector/internal/processor/normalizer.go:323.96,325.16 2 5
github.com/limiar/collector/internal/processor/normalizer.go:325.16,327.3 1 0
github.com/limiar/collector/internal/processor/normalizer.go:328.2,329.16 2 5
github.com/limiar/collector/internal/processor/normalizer.go:329.16,331.3 1 0
github.com/limiar/collector/internal/processor/normalizer.go:332.2,333.19 2 5
github.com/limiar/collector/internal/processor/normalizer.go:333.19,335.17 2 5
github.com/limiar/collector/internal/processor/normalizer.go:335.17,337.4 1 0
github.com/limiar/collector/internal/processor/normalizer.go:338.3,338.17 1 5
github.com/limiar/collector/internal/processor/normalizer.go:338.17,340.4 1 0
github.com/limiar/collector/internal/processor/normalizer.go:341.8,341.31 1 0
github.com/limiar/collector/internal/processor/normalizer.go:341.31,343.3 1 0
github.com/limiar/collector/internal/processor/normalizer.go:343.8,345.3 1 0
github.com/limiar/collector/internal/processor/normalizer.go:346.2,346.52 1 5
github.com/limiar/collector/internal/processor/normalizer.go:346.52,348.3 1 0
github.com/limiar/collector/internal/processor/normalizer.go:349.2,350.49 2 5
github.com/limiar/collector/internal/processor/normalizer.go:350.49,352.3 1 0
github.com/limiar/collector/internal/processor/normalizer.go:353.2,353.88 1 5
github.com/limiar/collector/internal/processor/normalizer.go:353.88,355.3 1 0
github.com/limiar/collector/internal/processor/normalizer.go:356.2,356.17 1 5
github.com/limiar/collector/internal/processor/normalizer.go:359.51,360.72 1 26
github.com/limiar/collector/internal/processor/normalizer.go:360.72,361.36 1 2
github.com/limiar/collector/internal/processor/normalizer.go:362.18,363.26 1 1
github.com/limiar/collector/internal/processor/normalizer.go:364.26,365.27 1 0
github.com/limiar/collector/internal/processor/normalizer.go:366.17,367.29 1 1
github.com/limiar/collector/internal/processor/normalizer.go:368.17,369.28 1 0
github.com/limiar/collector/internal/processor/normalizer.go:370.16,371.26 1 0
github.com/limiar/collector/internal/processor/normalizer.go:372.28,373.28 1 0
github.com/limiar/collector/internal/processor/normalizer.go:374.18,375.26 1 0
github.com/limiar/collector/internal/processor/normalizer.go:378.2,378.9 1 24
github.com/limiar/collector/internal/processor/normalizer.go:379.44,380.19 1 0
github.com/limiar/collector/internal/processor/normalizer.go:381.42,382.17 1 0
github.com/limiar/collector/internal/processor/normalizer.go:383.45,384.20 1 0
github.com/limiar/collector/internal/processor/normalizer.go:385.43,386.18 1 0
github.com/limiar/collector/internal/processor/normalizer.go:387.37,388.21 1 0
github.com/limiar/collector/internal/processor/normalizer.go:389.10,390.12 1 24
github.com/limiar/collector/internal/processor/normalizer.go:394.45,395.9 1 26
github.com/limiar/collector/internal/processor/normalizer.go:396.45,397.24 1 1
github.com/limiar/collector/internal/processor/normalizer.go:398.43,399.21 1 0
github.com/limiar/collector/internal/processor/normalizer.go:400.44,401.23 1 0
github.com/limiar/collector/internal/processor/normalizer.go:402.44,403.23 1 0
github.com/limiar/collector/internal/processor/normalizer.go:404.42,405.25 1 0
github.com/limiar/collector/internal/processor/normalizer.go:406.44,407.26 1 0
github.com/limiar/collector/internal/processor/normalizer.go:408.10,409.12 1 25
github.com/limiar/collector/internal/processor/normalizer.go:413.53,414.32 1 2
github.com/limiar/collector/internal/processor/normalizer.go:414.32,416.3 1 0
github.com/limiar/collector/internal/processor/normalizer.go:417.2,425.46 4 2
github.com/limiar/collector/internal/processor/normalizer.go:429.41,431.13 2 31
github.com/limiar/collector/internal/processor/normalizer.go:431.13,433.3 1 19
github.com/limiar/collector/internal/processor/normalizer.go:434.2,436.33 3 12
github.com/limiar/collector/internal/processor/normalizer.go:440.38,442.16 2 12
github.com/limiar/collector/internal/processor/normalizer.go:442.16,444.3 1 0
github.com/limiar/collector/internal/processor/normalizer.go:445.2,448.134 4 12
github.com/limiar/collector/internal/processor/normalizer.go:448.134,450.3 1 108
github.com/limiar/collector/internal/processor/normalizer.go:451.2,453.39 3 12
github.com/limiar/collector/internal/processor/normalizer.go:458.69,459.43 1 27
github.com/limiar/collector/internal/processor/normalizer.go:459.43,461.27 2 1
github.com/limiar/collector/internal/processor/normalizer.go:461.27,463.4 1 0
github.com/limiar/collector/internal/processor/normalizer.go:464.3,465.10 2 1
github.com/limiar/collector/internal/processor/normalizer.go:465.10,467.4 1 0
github.com/limiar/collector/internal/processor/normalizer.go:468.3,468.57 1 1
github.com/limiar/collector/internal/processor/normalizer.go:468.57,470.4 1 1
github.com/limiar/collector/internal/processor/normalizer.go:471.3,471.20 1 0
github.com/limiar/collector/internal/processor/normalizer.go:473.2,473.38 1 26
github.com/limiar/collector/internal/processor/normalizer.go:473.38,475.3 1 25
github.com/limiar/collector/internal/processor/normalizer.go:476.2,476.86 1 1
github.com/limiar/collector/internal/processor/normalizer.go:479.49,481.9 2 26
github.com/limiar/collector/internal/processor/normalizer.go:481.9,483.3 1 8
github.com/limiar/collector/internal/processor/normalizer.go:484.2,484.47 1 18
github.com/limiar/collector/internal/processor/normalizer.go:487.48,488.33 1 26
github.com/limiar/collector/internal/processor/normalizer.go:489.15,490.13 1 0
github.com/limiar/collector/internal/processor/normalizer.go:490.13,492.4 1 0
github.com/limiar/collector/internal/processor/normalizer.go:493.3,493.38 1 0
github.com/limiar/collector/internal/processor/normalizer.go:494.19,496.27 2 18
github.com/limiar/collector/internal/processor/normalizer.go:496.27,498.4 1 7
github.com/limiar/collector/internal/processor/normalizer.go:499.3,499.31 1 11
github.com/limiar/collector/internal/processor/normalizer.go:501.2,501.20 1 8
github.com/limiar/collector/internal/processor/normalizer.go:504.50,506.25 2 26
github.com/limiar/collector/internal/processor/normalizer.go:506.25,508.3 1 18
github.com/limiar/collector/internal/processor/normalizer.go:509.2,510.9 2 8
github.com/limiar/collector/internal/processor/normalizer.go:510.9,512.3 1 0
github.com/limiar/collector/internal/processor/normalizer.go:513.2,513.36 1 8
github.com/limiar/collector/internal/processor/normalizer.go:513.36,515.3 1 2
github.com/limiar/collector/internal/processor/normalizer.go:516.2,516.36 1 6
github.com/limiar/collector/internal/processor/normalizer.go:516.36,518.3 1 1
github.com/limiar/collector/internal/processor/normalizer.go:519.2,519.39 1 5
github.com/limiar/collector/internal/processor/normalizer.go:519.39,521.3 1 1
github.com/limiar/collector/internal/processor/normalizer.go:522.2,522.35 1 4
github.com/limiar/collector/internal/processor/normalizer.go:522.35,524.3 1 1
github.com/limiar/collector/internal/processor/normalizer.go:525.2,525.38 1 3
github.com/limiar/collector/internal/processor/normalizer.go:525.38,527.3 1 3
github.com/limiar/collector/internal/processor/normalizer.go:528.2,528.15 1 0
github.com/limiar/collector/internal/processor/normalizer.go:534.75,537.2 2 30
github.com/limiar/collector/internal/processor/normalizer.go:543.52,545.9 2 26
github.com/limiar/collector/internal/processor/normalizer.go:545.9,547.3 1 18
github.com/limiar/collector/internal/processor/normalizer.go:548.2,549.9 2 8
github.com/limiar/collector/internal/processor/normalizer.go:549.9,551.3 1 6
github.com/limiar/collector/internal/processor/normalizer.go:552.2,553.9 2 2
github.com/limiar/collector/internal/processor/normalizer.go:553.9,555.3 1 2
github.com/limiar/collector/internal/processor/normalizer.go:556.2,556.26 1 0
github.com/limiar/collector/internal/processor/normalizer.go:556.26,558.10 2 0
github.com/limiar/collector/internal/processor/normalizer.go:558.10,559.12 1 0
github.com/limiar/collector/internal/processor/normalizer.go:561.3,561.26 1 0
github.com/limiar/collector/internal/processor/normalizer.go:561.26,562.58 1 0
github.com/limiar/collector/internal/processor/normalizer.go:562.58,564.19 2 0
github.com/limiar/collector/internal/processor/normalizer.go:564.19,566.6 1 0
github.com/limiar/collector/internal/processor/normalizer.go:570.2,570.12 1 0
github.com/limiar/collector/internal/processor/normalizer.go:573.47,575.9 2 26
github.com/limiar/collector/internal/processor/normalizer.go:575.9,577.3 1 25
github.com/limiar/collector/internal/processor/normalizer.go:578.2,578.49 1 1
github.com/limiar/collector/internal/processor/normalizer.go:581.31,583.2 1 26
github.com/limiar/collector/internal/processor/normalizer.go:585.34,587.2 1 17
github.com/limiar/collector/internal/processor/normalizer.go:592.33,596.16 4 30
github.com/limiar/collector/internal/processor/normalizer.go:596.16,598.3 1 2
github.com/limiar/collector/internal/processor/normalizer.go:599.2,599.35 1 28
github.com/limiar/collector/internal/processor/processor.go:22.74,23.16 1 4
github.com/limiar/collector/internal/processor/processor.go:23.16,25.3 1 0
github.com/limiar/collector/internal/processor/processor.go:26.2,27.35 2 4
github.com/limiar/collector/internal/processor/processor.go:27.35,29.3 1 3
github.com/limiar/collector/internal/processor/processor.go:30.2,30.10 1 4
github.com/limiar/collector/internal/processor/processor.go:36.52,40.68 2 0
github.com/limiar/collector/internal/processor/processor.go:40.68,42.3 1 0
github.com/limiar/collector/internal/processor/processor.go:42.8,42.24 1 0
github.com/limiar/collector/internal/processor/processor.go:42.24,44.3 1 0
github.com/limiar/collector/internal/processor/processor.go:46.2,46.6 1 0
github.com/limiar/collector/internal/processor/processor.go:46.6,49.11 2 0
github.com/limiar/collector/internal/processor/processor.go:49.11,52.12 1 0
github.com/limiar/collector/internal/processor/processor.go:55.3,55.10 1 0
github.com/limiar/collector/internal/processor/processor.go:56.21,58.14 2 0
github.com/limiar/collector/internal/processor/processor.go:59.41,59.41 0 0
github.com/limiar/collector/internal/processor/processor.go:67.72,71.16 3 4
github.com/limiar/collector/internal/processor/processor.go:71.16,74.3 2 0
github.com/limiar/collector/internal/processor/processor.go:76.2,76.20 1 4
github.com/limiar/collector/internal/processor/processor.go:76.20,78.3 1 0
github.com/limiar/collector/internal/processor/processor.go:80.2,87.27 6 4
github.com/limiar/collector/internal/processor/processor.go:87.27,90.17 3 4
github.com/limiar/collector/internal/processor/processor.go:90.17,93.12 3 0
github.com/limiar/collector/internal/processor/processor.go:95.3,97.78 3 4
github.com/limiar/collector/internal/processor/processor.go:97.78,98.29 1 2
github.com/limiar/collector/internal/processor/processor.go:98.29,100.5 1 2
github.com/limiar/collector/internal/processor/processor.go:102.3,103.38 2 4
github.com/limiar/collector/internal/processor/processor.go:107.2,111.20 3 4
github.com/limiar/collector/internal/processor/processor.go:111.20,113.3 1 0
github.com/limiar/collector/internal/processor/processor.go:115.2,116.23 2 4
github.com/limiar/collector/internal/processor/processor.go:116.23,118.3 1 0
github.com/limiar/collector/internal/processor/processor.go:120.2,126.18 2 4
github.com/limiar/collector/internal/processor/processor.go:129.81,131.2 1 2
github.com/limiar/collector/internal/processor/processor.go:133.117,134.16 1 2
github.com/limiar/collector/internal/processor/processor.go:134.16,136.3 1 0
github.com/limiar/collector/internal/processor/processor.go:137.2,138.42 2 2
github.com/limiar/collector/internal/processor/processor.go:138.42,140.3 1 0
github.com/limiar/collector/internal/processor/processor.go:141.2,142.16 2 2
github.com/limiar/collector/internal/processor/processor.go:142.16,145.3 2 0
github.com/limiar/collector/internal/processor/processor.go:146.2,149.52 4 2
github.com/limiar/collector/internal/processor/processor.go:149.52,151.3 1 2
github.com/limiar/collector/internal/processor/processor.go:152.2,152.13 1 2
github.com/limiar/collector/internal/processor/processor.go:154.58,155.15 1 2
github.com/limiar/collector/internal/processor/processor.go:155.15,157.3 1 0
github.com/limiar/collector/internal/processor/processor.go:158.2,158.49 1 2
github.com/limiar/collector/internal/processor/processor.go:158.49,160.3 1 2
github.com/limiar/collector/internal/processor/processor.go:161.2,161.22 1 0
github.com/limiar/collector/internal/processor/processor.go:166.84,169.26 2 4
github.com/limiar/collector/internal/processor/processor.go:169.26,170.23 1 4
github.com/limiar/collector/internal/processor/processor.go:170.23,171.12 1 0
github.com/limiar/collector/internal/processor/processor.go:173.3,173.46 1 4
github.com/limiar/collector/internal/processor/processor.go:173.46,174.35 1 0
github.com/limiar/collector/internal/processor/processor.go:174.35,176.5 1 0
github.com/limiar/collector/internal/processor/processor.go:177.9,179.4 1 4
github.com/limiar/collector/internal/processor/processor.go:183.2,183.20 1 4
github.com/limiar/collector/internal/processor/processor.go:183.20,185.3 1 0
github.com/limiar/collector/internal/processor/processor.go:186.2,187.16 2 4
github.com/limiar/collector/internal/processor/processor.go:187.16,190.3 2 0
github.com/limiar/collector/internal/processor/processor.go:191.2,191.25 1 4
github.com/limiar/collector/internal/processor/processor.go:191.25,193.3 1 4
github.com/limiar/collector/internal/processor/processor.go:194.2,194.26 1 0
github.com/limiar/collector/internal/processor/processor.go:194.26,195.48 1 0
github.com/limiar/collector/internal/processor/processor.go:195.48,197.4 1 0
github.com/limiar/collector/internal/processor/synthesize.go:57.41,59.15 2 60
github.com/limiar/collector/internal/processor/synthesize.go:59.15,61.3 1 22
github.com/limiar/collector/internal/processor/synthesize.go:62.2,63.16 2 38
github.com/limiar/collector/internal/processor/synthesize.go:63.16,65.3 1 0
github.com/limiar/collector/internal/processor/synthesize.go:66.2,67.36 2 38
github.com/limiar/collector/internal/processor/synthesize.go:67.36,68.60 1 548
github.com/limiar/collector/internal/processor/synthesize.go:68.60,70.4 1 27
github.com/limiar/collector/internal/processor/synthesize.go:72.2,72.11 1 11
github.com/limiar/collector/internal/processor/synthesize.go:76.61,89.2 2 30
github.com/limiar/collector/internal/processor/urlresolver.go:36.100,37.19 1 9
github.com/limiar/collector/internal/processor/urlresolver.go:37.19,39.3 1 4
github.com/limiar/collector/internal/processor/urlresolver.go:39.8,42.26 3 5
github.com/limiar/collector/internal/processor/urlresolver.go:42.26,44.4 1 4
github.com/limiar/collector/internal/processor/urlresolver.go:46.2,46.33 1 9
github.com/limiar/collector/internal/processor/urlresolver.go:46.33,47.77 1 9
github.com/limiar/collector/internal/processor/urlresolver.go:47.77,48.43 1 1
github.com/limiar/collector/internal/processor/urlresolver.go:48.43,50.5 1 0
github.com/limiar/collector/internal/processor/urlresolver.go:51.4,51.14 1 1
github.com/limiar/collector/internal/processor/urlresolver.go:54.2,54.16 1 9
github.com/limiar/collector/internal/processor/urlresolver.go:54.16,56.3 1 0
github.com/limiar/collector/internal/processor/urlresolver.go:57.2,57.61 1 9
github.com/limiar/collector/internal/processor/urlresolver.go:60.101,62.23 2 9
github.com/limiar/collector/internal/processor/urlresolver.go:62.23,64.3 1 0
github.com/limiar/collector/internal/processor/urlresolver.go:65.2,65.20 1 9
github.com/limiar/collector/internal/processor/urlresolver.go:65.20,67.17 2 9
github.com/limiar/collector/internal/processor/urlresolver.go:67.17,69.4 1 0
github.com/limiar/collector/internal/processor/urlresolver.go:70.3,70.43 1 9
github.com/limiar/collector/internal/processor/urlresolver.go:70.43,72.4 1 5
github.com/limiar/collector/internal/processor/urlresolver.go:75.2,77.16 3 4
github.com/limiar/collector/internal/processor/urlresolver.go:77.16,79.3 1 0
github.com/limiar/collector/internal/processor/urlresolver.go:80.2,84.16 4 4
github.com/limiar/collector/internal/processor/urlresolver.go:84.16,87.3 2 1
github.com/limiar/collector/internal/processor/urlresolver.go:88.2,88.15 1 3
github.com/limiar/collector/internal/processor/urlresolver.go:88.15,88.40 1 3
github.com/limiar/collector/internal/processor/urlresolver.go:90.2,90.46 1 3
github.com/limiar/collector/internal/processor/urlresolver.go:90.46,92.3 1 1
github.com/limiar/collector/internal/processor/urlresolver.go:94.2,95.52 2 2
github.com/limiar/collector/internal/processor/urlresolver.go:95.52,97.3 1 2
github.com/limiar/collector/internal/processor/urlresolver.go:98.2,99.16 2 2
github.com/limiar/collector/internal/processor/urlresolver.go:99.16,101.3 1 0
github.com/limiar/collector/internal/processor/urlresolver.go:102.2,104.20 3 2
github.com/limiar/collector/internal/processor/urlresolver.go:104.20,107.3 2 0
github.com/limiar/collector/internal/processor/urlresolver.go:109.2,113.28 5 2
github.com/limiar/collector/internal/processor/urlresolver.go:116.124,117.31 1 5
github.com/limiar/collector/internal/processor/urlresolver.go:117.31,119.3 1 0
github.com/limiar/collector/internal/processor/urlresolver.go:120.2,121.52 2 5
github.com/limiar/collector/internal/processor/urlresolver.go:121.52,123.3 1 4
github.com/limiar/collector/internal/processor/urlresolver.go:124.2,125.27 2 1
github.com/limiar/collector/internal/processor/urlresolver.go:125.27,127.3 1 0
github.com/limiar/collector/internal/processor/urlresolver.go:128.2,128.28 1 1
github.com/limiar/collector/internal/processor/urlresolver.go:131.61,132.24 1 6
github.com/limiar/collector/internal/processor/urlresolver.go:132.24,134.3 1 4
github.com/limiar/collector/internal/processor/urlresolver.go:135.2,135.32 1 2
github.com/limiar/collector/internal/processor/urlresolver.go:135.32,137.3 1 0
github.com/limiar/collector/internal/processor/urlresolver.go:138.2,138.73 1 2
github.com/limiar/collector/internal/processor/urlresolver.go:141.106,142.48 1 5
github.com/limiar/collector/internal/processor/urlresolver.go:142.48,144.3 1 0
github.com/limiar/collector/internal/processor/urlresolver.go:145.2,145.63 1 5
github.com/limiar/collector/internal/processor/urlresolver.go:145.63,147.3 1 0
github.com/limiar/collector/internal/processor/urlresolver.go:148.2,148.20 1 5
github.com/limiar/collector/internal/processor/urlresolver.go:151.70,153.16 2 4
github.com/limiar/collector/internal/processor/urlresolver.go:153.16,155.3 1 0
github.com/limiar/collector/internal/processor/urlresolver.go:156.2,162.3 1 4
github.com/limiar/collector/internal/processor/urlresolver_canonical.go:40.50,42.16 2 18
github.com/limiar/collector/internal/processor/urlresolver_canonical.go:42.16,44.3 1 1
github.com/limiar/collector/internal/processor/urlresolver_canonical.go:45.2,45.36 1 17
github.com/limiar/collector/internal/processor/urlresolver_canonical.go:45.36,47.3 1 0
github.com/limiar/collector/internal/processor/urlresolver_canonical.go:48.2,49.47 2 17
github.com/limiar/collector/internal/processor/urlresolver_canonical.go:49.47,51.3 1 0
github.com/limiar/collector/internal/processor/urlresolver_canonical.go:52.2,57.33 5 17
github.com/limiar/collector/internal/processor/urlresolver_canonical.go:57.33,58.46 1 27
github.com/limiar/collector/internal/processor/urlresolver_canonical.go:58.46,59.12 1 17
github.com/limiar/collector/internal/processor/urlresolver_canonical.go:61.3,63.22 3 10
github.com/limiar/collector/internal/processor/urlresolver_canonical.go:65.2,66.24 2 17
github.com/limiar/collector/internal/processor/urlresolver_title.go:15.43,17.20 2 7
github.com/limiar/collector/internal/processor/urlresolver_title.go:17.20,19.3 1 1
github.com/limiar/collector/internal/processor/urlresolver_title.go:20.2,22.45 3 6
github.com/limiar/collector/internal/processor/urlresolver_title.go:22.45,24.3 1 5
github.com/limiar/collector/internal/processor/urlresolver_title.go:25.2,26.42 2 1
github.com/limiar/collector/tools/bench-dashboard-contention/main.go:95.13,96.63 1 0
github.com/limiar/collector/tools/bench-dashboard-contention/main.go:96.63,99.3 2 0
github.com/limiar/collector/tools/bench-dashboard-contention/main.go:102.57,103.21 1 0
github.com/limiar/collector/tools/bench-dashboard-contention/main.go:103.21,106.3 2 0
github.com/limiar/collector/tools/bench-dashboard-contention/main.go:108.2,109.16 2 0
github.com/limiar/collector/tools/bench-dashboard-contention/main.go:109.16,112.3 2 0
github.com/limiar/collector/tools/bench-dashboard-contention/main.go:114.2,115.16 2 0
github.com/limiar/collector/tools/bench-dashboard-contention/main.go:115.16,118.3 2 0
github.com/limiar/collector/tools/bench-dashboard-contention/main.go:120.2,120.18 1 0
github.com/limiar/collector/tools/bench-dashboard-contention/main.go:121.20,122.66 1 0
github.com/limiar/collector/tools/bench-dashboard-contention/main.go:123.18,124.65 1 0
github.com/limiar/collector/tools/bench-dashboard-contention/main.go:125.10,126.51 1 0
github.com/limiar/collector/tools/bench-dashboard-contention/main.go:132.93,133.32 1 0
github.com/limiar/collector/tools/bench-dashboard-contention/main.go:133.32,134.49 1 0
github.com/limiar/collector/tools/bench-dashboard-contention/main.go:134.49,136.4 1 0
github.com/limiar/collector/tools/bench-dashboard-contention/main.go:138.2,138.72 1 0
github.com/limiar/collector/tools/bench-dashboard-contention/main.go:141.94,143.16 2 0
github.com/limiar/collector/tools/bench-dashboard-contention/main.go:143.16,145.3 1 0
github.com/limiar/collector/tools/bench-dashboard-contention/main.go:146.2,146.15 1 0
github.com/limiar/collector/tools/bench-dashboard-contention/main.go:146.15,146.33 1 0
github.com/limiar/collector/tools/bench-dashboard-contention/main.go:148.2,149.16 2 0
github.com/limiar/collector/tools/bench-dashboard-contention/main.go:149.16,151.3 1 0
github.com/limiar/collector/tools/bench-dashboard-contention/main.go:152.2,152.15 1 0
github.com/limiar/collector/tools/bench-dashboard-contention/main.go:152.15,152.44 1 0
github.com/limiar/collector/tools/bench-dashboard-contention/main.go:154.2,155.16 2 0
github.com/limiar/collector/tools/bench-dashboard-contention/main.go:155.16,157.3 1 0
github.com/limiar/collector/tools/bench-dashboard-contention/main.go:158.2,158.15 1 0
github.com/limiar/collector/tools/bench-dashboard-contention/main.go:158.15,158.39 1 0
github.com/limiar/collector/tools/bench-dashboard-contention/main.go:160.2,161.15 2 0
github.com/limiar/collector/tools/bench-dashboard-contention/main.go:161.15,162.27 1 0
github.com/limiar/collector/tools/bench-dashboard-contention/main.go:162.27,164.4 1 0
github.com/limiar/collector/tools/bench-dashboard-contention/main.go:167.2,167.33 1 0
github.com/limiar/collector/tools/bench-dashboard-contention/main.go:167.33,168.27 1 0
github.com/limiar/collector/tools/bench-dashboard-contention/main.go:168.27,170.4 1 0
github.com/limiar/collector/tools/bench-dashboard-contention/main.go:171.3,172.17 2 0
github.com/limiar/collector/tools/bench-dashboard-contention/main.go:172.17,174.4 1 0
github.com/limiar/collector/tools/bench-dashboard-contention/main.go:175.3,176.13 2 0
github.com/limiar/collector/tools/bench-dashboard-contention/main.go:179.2,179.76 1 0
github.com/limiar/collector/tools/bench-dashboard-contention/main.go:179.76,181.3 1 0
github.com/limiar/collector/tools/bench-dashboard-contention/main.go:183.2,183.82 1 0
github.com/limiar/collector/tools/bench-dashboard-contention/main.go:186.120,188.2 1 0
github.com/limiar/collector/tools/bench-dashboard-contention/main.go:197.9,200.31 3 0
github.com/limiar/collector/tools/bench-dashboard-contention/main.go:200.31,201.59 1 0
github.com/limiar/collector/tools/bench-dashboard-contention/main.go:201.59,202.52 1 0
github.com/limiar/collector/tools/bench-dashboard-contention/main.go:202.52,204.5 1 0
github.com/limiar/collector/tools/bench-dashboard-contention/main.go:206.3,207.17 2 0
github.com/limiar/collector/tools/bench-dashboard-contention/main.go:207.17,209.4 1 0
github.com/limiar/collector/tools/bench-dashboard-contention/main.go:210.3,212.25 3 0
github.com/limiar/collector/tools/bench-dashboard-contention/main.go:212.25,215.4 2 0
github.com/limiar/collector/tools/bench-dashboard-contention/main.go:218.2,219.12 2 0
github.com/limiar/collector/tools/bench-dashboard-contention/main.go:222.49,248.39 14 8
github.com/limiar/collector/tools/bench-dashboard-contention/main.go:248.39,250.3 1 0
github.com/limiar/collector/tools/bench-dashboard-contention/main.go:251.2,251.20 1 8
github.com/limiar/collector/tools/bench-dashboard-contention/main.go:251.20,253.3 1 0
github.com/limiar/collector/tools/bench-dashboard-contention/main.go:254.2,254.34 1 8
github.com/limiar/collector/tools/bench-dashboard-contention/main.go:254.34,256.3 1 1
github.com/limiar/collector/tools/bench-dashboard-contention/main.go:257.2,257.56 1 7
github.com/limiar/collector/tools/bench-dashboard-contention/main.go:257.56,259.3 1 1
github.com/limiar/collector/tools/bench-dashboard-contention/main.go:260.2,260.19 1 6
github.com/limiar/collector/tools/bench-dashboard-contention/main.go:260.19,262.3 1 0
github.com/limiar/collector/tools/bench-dashboard-contention/main.go:263.2,263.22 1 6
github.com/limiar/collector/tools/bench-dashboard-contention/main.go:263.22,265.3 1 0
github.com/limiar/collector/tools/bench-dashboard-contention/main.go:266.2,266.28 1 6
github.com/limiar/collector/tools/bench-dashboard-contention/main.go:266.28,268.3 1 0
github.com/limiar/collector/tools/bench-dashboard-contention/main.go:269.2,269.65 1 6
github.com/limiar/collector/tools/bench-dashboard-contention/main.go:269.65,271.3 1 0
github.com/limiar/collector/tools/bench-dashboard-contention/main.go:272.2,272.26 1 6
github.com/limiar/collector/tools/bench-dashboard-contention/main.go:272.26,274.3 1 1
github.com/limiar/collector/tools/bench-dashboard-contention/main.go:275.2,275.23 1 5
github.com/limiar/collector/tools/bench-dashboard-contention/main.go:275.23,277.3 1 1
github.com/limiar/collector/tools/bench-dashboard-contention/main.go:278.2,278.23 1 4
github.com/limiar/collector/tools/bench-dashboard-contention/main.go:278.23,280.3 1 1
github.com/limiar/collector/tools/bench-dashboard-contention/main.go:281.2,281.22 1 3
github.com/limiar/collector/tools/bench-dashboard-contention/main.go:281.22,283.3 1 1
github.com/limiar/collector/tools/bench-dashboard-contention/main.go:284.2,284.17 1 2
github.com/limiar/collector/tools/bench-dashboard-contention/main.go:287.24,329.2 1 1
github.com/limiar/collector/tools/bench-dashboard-contention/main.go:331.36,332.27 1 0
github.com/limiar/collector/tools/bench-dashboard-contention/main.go:332.27,333.37 1 0
github.com/limiar/collector/tools/bench-dashboard-contention/main.go:333.37,335.4 1 0
github.com/limiar/collector/tools/bench-dashboard-contention/main.go:337.2,337.14 1 0
github.com/limiar/collector/tools/bench-dashboard-contention/main.go:340.38,341.14 1 8
github.com/limiar/collector/tools/bench-dashboard-contention/main.go:342.91,343.14 1 7
github.com/limiar/collector/tools/bench-dashboard-contention/main.go:344.10,345.15 1 1
github.com/limiar/collector/tools/bench-dashboard-contention/main.go:349.41,350.19 1 0
github.com/limiar/collector/tools/bench-dashboard-contention/main.go:350.19,352.3 1 0
github.com/limiar/collector/tools/bench-dashboard-contention/main.go:353.2,353.23 1 0
github.com/limiar/collector/tools/bench-dashboard-contention/main.go:356.63,359.28 3 0
github.com/limiar/collector/tools/bench-dashboard-contention/main.go:359.28,361.3 1 0
github.com/limiar/collector/tools/bench-dashboard-contention/main.go:361.8,363.3 1 0
github.com/limiar/collector/tools/bench-dashboard-contention/main.go:364.2,366.37 3 0
github.com/limiar/collector/tools/bench-dashboard-contention/main.go:366.37,368.3 1 0
github.com/limiar/collector/tools/bench-dashboard-contention/main.go:371.52,372.25 1 0
github.com/limiar/collector/tools/bench-dashboard-contention/main.go:372.25,374.3 1 0
github.com/limiar/collector/tools/bench-dashboard-contention/main.go:375.2,376.37 2 0
github.com/limiar/collector/tools/bench-dashboard-contention/main.go:376.37,378.3 1 0
github.com/limiar/collector/tools/bench-dashboard-contention/main.go:379.2,379.34 1 0
github.com/limiar/collector/tools/bench-dashboard-contention/main.go:387.31,389.16 2 0
github.com/limiar/collector/tools/bench-dashboard-contention/main.go:389.16,391.3 1 0
github.com/limiar/collector/tools/bench-dashboard-contention/main.go:393.2,399.12 6 0
github.com/limiar/collector/tools/bench-dashboard-contention/main.go:399.12,401.3 1 0
github.com/limiar/collector/tools/bench-dashboard-contention/main.go:403.2,404.6 2 0
github.com/limiar/collector/tools/bench-dashboard-contention/main.go:404.6,405.10 1 0
github.com/limiar/collector/tools/bench-dashboard-contention/main.go:406.23,408.90 2 0
github.com/limiar/collector/tools/bench-dashboard-contention/main.go:409.11,409.11 0 0
github.com/limiar/collector/tools/bench-dashboard-contention/main.go:411.3,411.49 1 0
github.com/limiar/collector/tools/bench-dashboard-contention/main.go:411.49,413.4 1 0
github.com/limiar/collector/tools/bench-dashboard-contention/main.go:414.3,414.33 1 0
github.com/limiar/collector/tools/bench-dashboard-contention/main.go:414.33,417.4 2 0
github.com/limiar/collector/tools/bench-dashboard-contention/main.go:418.3,418.50 1 0
github.com/limiar/collector/tools/bench-dashboard-contention/main.go:418.50,421.4 2 0
github.com/limiar/collector/tools/bench-dashboard-contention/main.go:425.48,427.16 2 0
github.com/limiar/collector/tools/bench-dashboard-contention/main.go:427.16,429.3 1 0
github.com/limiar/collector/tools/bench-dashboard-contention/main.go:430.2,430.24 1 0
github.com/limiar/collector/tools/bench-dashboard-contention/main.go:430.24,432.3 1 0
github.com/limiar/collector/tools/bench-dashboard-contention/main.go:433.2,434.20 2 0
github.com/limiar/collector/tools/bench-dashboard-contention/main.go:434.20,436.3 1 0
github.com/limiar/collector/tools/bench-dashboard-contention/main.go:437.2,438.45 2 0
github.com/limiar/collector/tools/bench-dashboard-contention/main.go:438.45,440.3 1 0
github.com/limiar/collector/tools/bench-dashboard-contention/main.go:441.2,441.18 1 0
github.com/limiar/collector/tools/bench-dashboard-contention/main.go:444.61,445.31 1 1
github.com/limiar/collector/tools/bench-dashboard-contention/main.go:445.31,447.3 1 1
github.com/limiar/collector/tools/bench-dashboard-contention/main.go:448.2,448.58 1 0
github.com/limiar/collector/tools/bench-dashboard-contention/main.go:451.66,452.31 1 0
github.com/limiar/collector/tools/bench-dashboard-contention/main.go:452.31,454.3 1 0
github.com/limiar/collector/tools/bench-dashboard-contention/main.go:455.2,455.34 1 0
github.com/limiar/collector/tools/bench-dashboard-contention/main.go:458.41,463.2 2 1
github.com/limiar/collector/tools/bench-dashboard-contention/main.go:465.59,469.16 4 0
github.com/limiar/collector/tools/bench-dashboard-contention/main.go:469.16,471.3 1 0
github.com/limiar/collector/tools/bench-dashboard-contention/main.go:472.2,473.16 2 0
github.com/limiar/collector/tools/bench-dashboard-contention/main.go:473.16,475.3 1 0
github.com/limiar/collector/tools/bench-dashboard-contention/main.go:476.2,476.15 1 0
github.com/limiar/collector/tools/bench-dashboard-contention/main.go:476.15,476.40 1 0
github.com/limiar/collector/tools/bench-dashboard-contention/main.go:477.2,477.46 1 0
github.com/limiar/collector/tools/bench-dashboard-contention/main.go:477.46,479.3 1 0
github.com/limiar/collector/tools/bench-dashboard-contention/main.go:480.2,480.12 1 0
github.com/limiar/collector/tools/bench-dashboard-contention/main.go:483.112,491.24 7 0
github.com/limiar/collector/tools/bench-dashboard-contention/main.go:491.24,493.34 2 0
github.com/limiar/collector/tools/bench-dashboard-contention/main.go:493.34,495.26 2 0
github.com/limiar/collector/tools/bench-dashboard-contention/main.go:495.26,498.5 2 0
github.com/limiar/collector/tools/bench-dashboard-contention/main.go:502.2,508.16 6 0
github.com/limiar/collector/tools/bench-dashboard-contention/main.go:508.16,510.3 1 0
github.com/limiar/collector/tools/bench-dashboard-contention/main.go:511.2,511.33 1 0
github.com/limiar/collector/tools/bench-dashboard-contention/main.go:511.33,513.3 1 0
github.com/limiar/collector/tools/bench-dashboard-contention/main.go:514.2,514.30 1 0
github.com/limiar/collector/tools/bench-dashboard-contention/main.go:514.30,516.31 2 0
github.com/limiar/collector/tools/bench-dashboard-contention/main.go:516.31,518.4 1 0
github.com/limiar/collector/tools/bench-dashboard-contention/main.go:520.2,520.20 1 0
github.com/limiar/collector/tools/bench-dashboard-contention/main.go:523.48,524.14 1 4
github.com/limiar/collector/tools/bench-dashboard-contention/main.go:525.17,526.44 1 1
github.com/limiar/collector/tools/bench-dashboard-contention/main.go:527.22,528.49 1 1
github.com/limiar/collector/tools/bench-dashboard-contention/main.go:529.18,530.49 1 1
github.com/limiar/collector/tools/bench-dashboard-contention/main.go:531.15,536.4 1 0
github.com/limiar/collector/tools/bench-dashboard-contention/main.go:537.15,541.4 1 0
github.com/limiar/collector/tools/bench-dashboard-contention/main.go:542.15,543.56 1 1
github.com/limiar/collector/tools/bench-dashboard-contention/main.go:544.10,545.13 1 0
github.com/limiar/collector/tools/bench-dashboard-contention/main.go:549.86,559.36 8 0
github.com/limiar/collector/tools/bench-dashboard-contention/main.go:559.36,561.3 1 0
github.com/limiar/collector/tools/bench-dashboard-contention/main.go:563.2,574.23 10 0
github.com/limiar/collector/tools/bench-dashboard-contention/main.go:574.23,576.3 1 0
github.com/limiar/collector/tools/bench-dashboard-contention/main.go:577.2,583.35 2 0
github.com/limiar/collector/tools/bench-dashboard-contention/main.go:583.35,585.3 1 0
github.com/limiar/collector/tools/bench-dashboard-contention/main.go:586.2,586.16 1 0
github.com/limiar/collector/tools/bench-dashboard-contention/main.go:586.16,589.3 2 0
github.com/limiar/collector/tools/bench-dashboard-contention/main.go:590.2,590.21 1 0
github.com/limiar/collector/tools/bench-dashboard-contention/main.go:598.29,615.35 10 0
github.com/limiar/collector/tools/bench-dashboard-contention/main.go:615.35,617.3 1 0
github.com/limiar/collector/tools/bench-dashboard-contention/main.go:618.2,618.16 1 0
github.com/limiar/collector/tools/bench-dashboard-contention/main.go:618.16,620.3 1 0
github.com/limiar/collector/tools/bench-dashboard-contention/main.go:621.2,621.21 1 0
github.com/limiar/collector/tools/bench-dashboard-contention/main.go:628.52,630.6 2 0
github.com/limiar/collector/tools/bench-dashboard-contention/main.go:630.6,631.23 1 0
github.com/limiar/collector/tools/bench-dashboard-contention/main.go:631.23,633.4 1 0
github.com/limiar/collector/tools/bench-dashboard-contention/main.go:634.3,635.17 2 0
github.com/limiar/collector/tools/bench-dashboard-contention/main.go:635.17,637.4 1 0
github.com/limiar/collector/tools/bench-dashboard-contention/main.go:638.3,638.21 1 0
github.com/limiar/collector/tools/bench-dashboard-contention/main.go:638.21,639.9 1 0
github.com/limiar/collector/tools/bench-dashboard-contention/main.go:642.3,643.28 2 0
github.com/limiar/collector/tools/bench-dashboard-contention/main.go:643.28,645.18 2 0
github.com/limiar/collector/tools/bench-dashboard-contention/main.go:645.18,647.13 2 0
github.com/limiar/collector/tools/bench-dashboard-contention/main.go:649.4,651.39 3 0
github.com/limiar/collector/tools/bench-dashboard-contention/main.go:654.3,655.17 2 0
github.com/limiar/collector/tools/bench-dashboard-contention/main.go:655.17,657.4 1 0
github.com/limiar/collector/tools/bench-dashboard-contention/main.go:658.3,662.37 4 0
github.com/limiar/collector/tools/bench-dashboard-contention/main.go:662.37,663.9 1 0
github.com/limiar/collector/tools/bench-dashboard-contention/main.go:666.2,666.41 1 0
github.com/limiar/collector/tools/bench-dashboard-contention/main.go:671.77,673.21 2 2
github.com/limiar/collector/tools/bench-dashboard-contention/main.go:673.21,675.3 1 1
github.com/limiar/collector/tools/bench-dashboard-contention/main.go:676.2,677.16 2 1
github.com/limiar/collector/tools/bench-dashboard-contention/main.go:677.16,679.3 1 0
github.com/limiar/collector/tools/bench-dashboard-contention/main.go:680.2,681.16 2 1
github.com/limiar/collector/tools/bench-dashboard-contention/main.go:681.16,683.3 1 0
github.com/limiar/collector/tools/bench-dashboard-contention/main.go:684.2,684.32 1 1
github.com/limiar/collector/tools/bench-dashboard-contention/main.go:687.39,689.25 2 0
github.com/limiar/collector/tools/bench-dashboard-contention/main.go:689.25,691.3 1 0
github.com/limiar/collector/tools/bench-dashboard-contention/main.go:692.2,692.34 1 0
github.com/limiar/collector/tools/bench-dashboard-contention/main.go:695.66,699.6 4 0
github.com/limiar/collector/tools/bench-dashboard-contention/main.go:699.6,700.61 1 0
github.com/limiar/collector/tools/bench-dashboard-contention/main.go:700.61,702.4 1 0
github.com/limiar/collector/tools/bench-dashboard-contention/main.go:703.3,703.10 1 0
github.com/limiar/collector/tools/bench-dashboard-contention/main.go:704.15,706.10 2 0
github.com/limiar/collector/tools/bench-dashboard-contention/main.go:707.19,707.19 0 0
github.com/limiar/collector/tools/bench-dashboard-contention/main.go:712.40,714.16 2 0
github.com/limiar/collector/tools/bench-dashboard-contention/main.go:714.16,716.3 1 0
github.com/limiar/collector/tools/bench-dashboard-contention/main.go:717.2,717.57 1 0
github.com/limiar/collector/tools/bench-dashboard-contention/main.go:717.57,718.41 1 0
github.com/limiar/collector/tools/bench-dashboard-contention/main.go:718.41,719.12 1 0
github.com/limiar/collector/tools/bench-dashboard-contention/main.go:721.3,722.22 2 0
github.com/limiar/collector/tools/bench-dashboard-contention/main.go:722.22,724.4 1 0
github.com/limiar/collector/tools/bench-dashboard-contention/main.go:725.3,725.45 1 0
github.com/limiar/collector/tools/bench-dashboard-contention/main.go:727.2,727.47 1 0
github.com/limiar/collector/tools/bench-dashboard-contention/main.go:730.36,736.2 1 1
github.com/limiar/collector/tools/bench-dashboard-contention/main.go:738.156,739.25 1 1
github.com/limiar/collector/tools/bench-dashboard-contention/main.go:739.25,741.3 1 0
github.com/limiar/collector/tools/bench-dashboard-contention/main.go:742.2,744.6 3 1
github.com/limiar/collector/tools/bench-dashboard-contention/main.go:744.6,745.38 1 7
github.com/limiar/collector/tools/bench-dashboard-contention/main.go:745.38,746.11 1 14
github.com/limiar/collector/tools/bench-dashboard-contention/main.go:747.22,748.15 1 1
github.com/limiar/collector/tools/bench-dashboard-contention/main.go:749.12,749.12 0 13
github.com/limiar/collector/tools/bench-dashboard-contention/main.go:751.4,757.40 6 13
github.com/limiar/collector/tools/bench-dashboard-contention/main.go:757.40,759.5 1 0
github.com/limiar/collector/tools/bench-dashboard-contention/main.go:764.60,765.22 1 13
github.com/limiar/collector/tools/bench-dashboard-contention/main.go:765.22,767.3 1 13
github.com/limiar/collector/tools/bench-dashboard-contention/main.go:768.2,770.35 3 0
github.com/limiar/collector/tools/bench-dashboard-contention/main.go:770.35,772.3 1 0
github.com/limiar/collector/tools/bench-dashboard-contention/main.go:773.2,773.86 1 0
github.com/limiar/collector/tools/bench-dashboard-contention/main.go:776.51,777.49 1 13
github.com/limiar/collector/tools/bench-dashboard-contention/main.go:777.49,779.3 1 0
github.com/limiar/collector/tools/bench-dashboard-contention/main.go:780.2,780.13 1 13
github.com/limiar/collector/tools/bench-dashboard-contention/main.go:783.86,785.16 2 13
github.com/limiar/collector/tools/bench-dashboard-contention/main.go:785.16,787.3 1 0
github.com/limiar/collector/tools/bench-dashboard-contention/main.go:788.2,789.16 2 13
github.com/limiar/collector/tools/bench-dashboard-contention/main.go:789.16,791.3 1 0
github.com/limiar/collector/tools/bench-dashboard-contention/main.go:792.2,792.15 1 13
github.com/limiar/collector/tools/bench-dashboard-contention/main.go:792.15,792.40 1 13
github.com/limiar/collector/tools/bench-dashboard-contention/main.go:793.2,794.46 2 13
github.com/limiar/collector/tools/bench-dashboard-contention/main.go:794.46,796.3 1 6
github.com/limiar/collector/tools/bench-dashboard-contention/main.go:797.2,797.29 1 7
github.com/limiar/collector/tools/bench-dashboard-contention/main.go:800.66,803.9 3 13
github.com/limiar/collector/tools/bench-dashboard-contention/main.go:804.20,805.15 1 0
github.com/limiar/collector/tools/bench-dashboard-contention/main.go:806.17,807.14 1 13
github.com/limiar/collector/tools/bench-dashboard-contention/main.go:811.97,815.20 4 13
github.com/limiar/collector/tools/bench-dashboard-contention/main.go:815.20,817.3 1 13
github.com/limiar/collector/tools/bench-dashboard-contention/main.go:818.2,818.16 1 13
github.com/limiar/collector/tools/bench-dashboard-contention/main.go:818.16,820.3 1 6
github.com/limiar/collector/tools/bench-dashboard-contention/main.go:821.2,822.39 2 13
github.com/limiar/collector/tools/bench-dashboard-contention/main.go:822.39,824.3 1 2
github.com/limiar/collector/tools/bench-dashboard-contention/main.go:825.2,825.76 1 13
github.com/limiar/collector/tools/bench-dashboard-contention/main.go:825.76,827.3 1 1
github.com/limiar/collector/tools/bench-dashboard-contention/main.go:830.54,847.2 7 1
github.com/limiar/collector/tools/bench-dashboard-contention/main.go:849.66,850.22 1 3
github.com/limiar/collector/tools/bench-dashboard-contention/main.go:850.22,852.3 1 0
github.com/limiar/collector/tools/bench-dashboard-contention/main.go:853.2,853.12 1 3
github.com/limiar/collector/tools/bench-dashboard-contention/main.go:853.12,855.3 1 1
github.com/limiar/collector/tools/bench-dashboard-contention/main.go:856.2,857.24 2 2
github.com/limiar/collector/tools/bench-dashboard-contention/main.go:857.24,859.3 1 0
github.com/limiar/collector/tools/bench-dashboard-contention/main.go:860.2,860.20 1 2
github.com/limiar/collector/tools/bench-dashboard-contention/main.go:863.80,880.2 16 1
github.com/limiar/collector/tools/bench-dashboard-contention/main.go:882.73,883.86 1 1
github.com/limiar/collector/tools/bench-dashboard-contention/main.go:883.86,885.3 1 0
github.com/limiar/collector/tools/bench-dashboard-contention/main.go:886.2,887.98 2 1
github.com/limiar/collector/tools/bench-dashboard-contention/main.go:890.80,895.33 5 0
github.com/limiar/collector/tools/bench-dashboard-contention/main.go:895.33,897.86 2 0
github.com/limiar/collector/tools/bench-dashboard-contention/main.go:897.86,900.4 2 0
github.com/limiar/collector/tools/bench-dashboard-contention/main.go:901.3,912.10 1 0
github.com/limiar/collector/tools/bench-dashboard-contention/main.go:914.2,914.19 1 0
github.com/limiar/collector/tools/bench-dashboard-contention/main.go:917.42,918.17 1 1
github.com/limiar/collector/tools/bench-dashboard-contention/main.go:918.17,920.3 1 0
github.com/limiar/collector/tools/bench-dashboard-contention/main.go:921.2,921.14 1 1
github.com/limiar/collector/tools/bench-dashboard-contention/main.go:924.33,925.13 1 1
github.com/limiar/collector/tools/bench-dashboard-contention/main.go:925.13,927.3 1 0
github.com/limiar/collector/tools/bench-dashboard-contention/main.go:928.2,928.45 1 1
github.com/limiar/collector/tools/bench-dashboard-contention/main.go:931.56,932.27 1 1
github.com/limiar/collector/tools/bench-dashboard-contention/main.go:932.27,934.3 1 0
github.com/limiar/collector/tools/bench-dashboard-contention/main.go:935.2,936.32 2 1
github.com/limiar/collector/tools/bench-dashboard-contention/main.go:936.32,938.3 1 2
github.com/limiar/collector/tools/bench-dashboard-contention/main.go:939.2,941.29 3 1
github.com/limiar/collector/tools/bench-dashboard-contention/main.go:941.29,943.3 1 2
github.com/limiar/collector/tools/bench-dashboard-contention/main.go:944.2,944.33 1 1
github.com/limiar/collector/internal/telegram/auth.go:36.102,43.2 2 0
github.com/limiar/collector/internal/telegram/auth.go:47.38,51.2 3 0
github.com/limiar/collector/internal/telegram/auth.go:53.70,54.52 1 0
github.com/limiar/collector/internal/telegram/auth.go:54.52,56.3 1 0
github.com/limiar/collector/internal/telegram/auth.go:57.2,57.18 1 0
github.com/limiar/collector/internal/telegram/auth.go:57.18,58.36 1 0
github.com/limiar/collector/internal/telegram/auth.go:58.36,60.4 1 0
github.com/limiar/collector/internal/telegram/auth.go:61.3,61.58 1 0
github.com/limiar/collector/internal/telegram/auth.go:63.2,63.44 1 0
github.com/limiar/collector/internal/telegram/auth.go:68.76,69.52 1 0
github.com/limiar/collector/internal/telegram/auth.go:69.52,71.3 1 0
github.com/limiar/collector/internal/telegram/auth.go:72.2,73.25 2 0
github.com/limiar/collector/internal/telegram/auth.go:73.25,75.17 2 0
github.com/limiar/collector/internal/telegram/auth.go:75.17,77.4 1 0
github.com/limiar/collector/internal/telegram/auth.go:78.3,78.37 1 0
github.com/limiar/collector/internal/telegram/auth.go:81.2,81.18 1 0
github.com/limiar/collector/internal/telegram/auth.go:81.18,82.36 1 0
github.com/limiar/collector/internal/telegram/auth.go:82.36,84.4 1 0
github.com/limiar/collector/internal/telegram/auth.go:85.3,85.58 1 0
github.com/limiar/collector/internal/telegram/auth.go:87.2,87.44 1 0
github.com/limiar/collector/internal/telegram/auth.go:91.74,95.2 3 0
github.com/limiar/collector/internal/telegram/auth.go:99.77,100.22 1 0
github.com/limiar/collector/internal/telegram/auth.go:100.22,103.3 2 0
github.com/limiar/collector/internal/telegram/auth.go:104.2,107.16 4 0
github.com/limiar/collector/internal/telegram/auth.go:107.16,109.3 1 0
github.com/limiar/collector/internal/telegram/auth.go:110.2,110.19 1 0
github.com/limiar/collector/internal/telegram/auth.go:114.93,119.2 4 0
github.com/limiar/collector/internal/telegram/auth.go:123.104,125.2 1 0
github.com/limiar/collector/internal/telegram/auth.go:128.82,130.2 1 0
github.com/limiar/collector/internal/telegram/client.go:75.51,83.2 1 1
github.com/limiar/collector/internal/telegram/client.go:87.94,88.31 1 8
github.com/limiar/collector/internal/telegram/client.go:88.31,90.3 1 1
github.com/limiar/collector/internal/telegram/client.go:91.2,92.34 2 7
github.com/limiar/collector/internal/telegram/client.go:92.34,94.3 1 1
github.com/limiar/collector/internal/telegram/client.go:95.2,97.15 3 7
github.com/limiar/collector/internal/telegram/client.go:97.15,99.3 1 0
github.com/limiar/collector/internal/telegram/client.go:100.2,100.34 1 7
github.com/limiar/collector/internal/telegram/client.go:133.11,134.16 1 0
github.com/limiar/collector/internal/telegram/client.go:134.16,136.3 1 0
github.com/limiar/collector/internal/telegram/client.go:137.2,148.10 2 0
github.com/limiar/collector/internal/telegram/client.go:154.51,159.2 1 0
github.com/limiar/collector/internal/telegram/client.go:162.52,164.2 1 0
github.com/limiar/collector/internal/telegram/client.go:168.73,173.9 2 0
github.com/limiar/collector/internal/telegram/client.go:173.9,175.3 1 0
github.com/limiar/collector/internal/telegram/client.go:177.2,178.16 2 0
github.com/limiar/collector/internal/telegram/client.go:178.16,181.3 2 0
github.com/limiar/collector/internal/telegram/client.go:183.2,188.12 2 0
github.com/limiar/collector/internal/telegram/client.go:193.69,195.56 2 0
github.com/limiar/collector/internal/telegram/client.go:195.56,197.17 2 0
github.com/limiar/collector/internal/telegram/client.go:197.17,199.4 1 0
github.com/limiar/collector/internal/telegram/client.go:200.3,201.13 2 0
github.com/limiar/collector/internal/telegram/client.go:203.2,203.16 1 0
github.com/limiar/collector/internal/telegram/client.go:203.16,205.3 1 0
github.com/limiar/collector/internal/telegram/client.go:206.2,206.24 1 0
github.com/limiar/collector/internal/telegram/client.go:210.55,212.2 1 0
github.com/limiar/collector/internal/telegram/client.go:215.50,217.56 2 0
github.com/limiar/collector/internal/telegram/client.go:217.56,220.60 3 0
github.com/limiar/collector/internal/telegram/client.go:220.60,222.4 1 0
github.com/limiar/collector/internal/telegram/client.go:223.3,223.13 1 0
github.com/limiar/collector/internal/telegram/client.go:227.94,231.16 2 0
github.com/limiar/collector/internal/telegram/client.go:231.16,233.3 1 0
github.com/limiar/collector/internal/telegram/client.go:234.2,234.21 1 0
github.com/limiar/collector/internal/telegram/client.go:234.21,236.3 1 0
github.com/limiar/collector/internal/telegram/client.go:237.2,238.16 2 0
github.com/limiar/collector/internal/telegram/client.go:238.16,240.3 1 0
github.com/limiar/collector/internal/telegram/client.go:241.2,249.18 4 0
github.com/limiar/collector/internal/telegram/client.go:253.92,256.56 3 0
github.com/limiar/collector/internal/telegram/client.go:256.56,258.17 2 0
github.com/limiar/collector/internal/telegram/client.go:258.17,260.4 1 0
github.com/limiar/collector/internal/telegram/client.go:261.3,262.13 2 0
github.com/limiar/collector/internal/telegram/client.go:264.2,264.16 1 0
github.com/limiar/collector/internal/telegram/client.go:264.16,266.3 1 0
github.com/limiar/collector/internal/telegram/client.go:267.2,267.18 1 0
github.com/limiar/collector/internal/telegram/client.go:272.99,275.56 3 0
github.com/limiar/collector/internal/telegram/client.go:275.56,277.17 2 0
github.com/limiar/collector/internal/telegram/client.go:277.17,279.4 1 0
github.com/limiar/collector/internal/telegram/client.go:280.3,280.21 1 0
github.com/limiar/collector/internal/telegram/client.go:280.21,282.4 1 0
github.com/limiar/collector/internal/telegram/client.go:283.3,284.17 2 0
github.com/limiar/collector/internal/telegram/client.go:284.17,286.4 1 0
github.com/limiar/collector/internal/telegram/client.go:287.3,288.13 2 0
github.com/limiar/collector/internal/telegram/client.go:290.2,290.16 1 0
github.com/limiar/collector/internal/telegram/client.go:290.16,292.3 1 0
github.com/limiar/collector/internal/telegram/client.go:293.2,293.18 1 0
github.com/limiar/collector/internal/telegram/client.go:298.119,300.2 1 0
github.com/limiar/collector/internal/telegram/client.go:305.132,307.2 1 0
github.com/limiar/collector/internal/telegram/client.go:312.135,314.9 2 0
github.com/limiar/collector/internal/telegram/client.go:314.9,316.3 1 0
github.com/limiar/collector/internal/telegram/client.go:317.2,318.56 2 0
github.com/limiar/collector/internal/telegram/client.go:318.56,323.16 2 0
github.com/limiar/collector/internal/telegram/client.go:323.16,325.4 1 0
github.com/limiar/collector/internal/telegram/client.go:326.3,326.19 1 0
github.com/limiar/collector/internal/telegram/client.go:326.19,328.4 1 0
github.com/limiar/collector/internal/telegram/client.go:329.3,330.17 2 0
github.com/limiar/collector/internal/telegram/client.go:330.17,332.4 1 0
github.com/limiar/collector/internal/telegram/client.go:333.3,334.17 2 0
github.com/limiar/collector/internal/telegram/client.go:334.17,336.4 1 0
github.com/limiar/collector/internal/telegram/client.go:337.3,338.13 2 0
github.com/limiar/collector/internal/telegram/client.go:340.2,340.16 1 0
github.com/limiar/collector/internal/telegram/client.go:340.16,342.3 1 0
github.com/limiar/collector/internal/telegram/client.go:343.2,343.17 1 0
github.com/limiar/collector/internal/telegram/client.go:348.49,350.15 2 0
github.com/limiar/collector/internal/telegram/client.go:350.15,350.49 1 0
github.com/limiar/collector/internal/telegram/client.go:352.2,353.6 2 0
github.com/limiar/collector/internal/telegram/client.go:353.6,355.56 2 0
github.com/limiar/collector/internal/telegram/client.go:355.56,360.4 4 0
github.com/limiar/collector/internal/telegram/client.go:361.3,361.23 1 0
github.com/limiar/collector/internal/telegram/client.go:361.23,364.4 2 0
github.com/limiar/collector/internal/telegram/client.go:365.3,365.17 1 0
github.com/limiar/collector/internal/telegram/client.go:365.17,367.19 2 0
github.com/limiar/collector/internal/telegram/client.go:367.19,369.5 1 0
github.com/limiar/collector/internal/telegram/client.go:370.4,371.26 2 0
github.com/limiar/collector/internal/telegram/client.go:371.26,373.5 1 0
github.com/limiar/collector/internal/telegram/client.go:374.4,375.12 2 0
github.com/limiar/collector/internal/telegram/client.go:377.3,377.13 1 0
github.com/limiar/collector/internal/telegram/client.go:383.88,386.2 2 0
github.com/limiar/collector/internal/telegram/client.go:389.55,392.9 3 0
github.com/limiar/collector/internal/telegram/client.go:393.13,394.14 1 0
github.com/limiar/collector/internal/telegram/client.go:395.20,396.15 1 0
github.com/limiar/collector/internal/telegram/client.go:400.41,402.76 1 14
github.com/limiar/collector/internal/telegram/client.go:402.76,403.56 1 35
github.com/limiar/collector/internal/telegram/client.go:403.56,405.9 2 5
github.com/limiar/collector/internal/telegram/client.go:409.2,409.39 1 14
github.com/limiar/collector/internal/telegram/client.go:409.39,411.3 1 4
github.com/limiar/collector/internal/telegram/client.go:413.2,413.32 1 14
github.com/limiar/collector/internal/telegram/client.go:413.32,415.3 1 4
github.com/limiar/collector/internal/telegram/client.go:418.2,419.30 2 14
github.com/limiar/collector/internal/telegram/client.go:419.30,421.87 2 104
github.com/limiar/collector/internal/telegram/client.go:421.87,423.9 2 2
github.com/limiar/collector/internal/telegram/client.go:427.2,427.16 1 14
github.com/limiar/collector/internal/telegram/client.go:427.16,430.31 3 2
github.com/limiar/collector/internal/telegram/client.go:430.31,432.94 2 22
github.com/limiar/collector/internal/telegram/client.go:432.94,434.5 1 18
github.com/limiar/collector/internal/telegram/client.go:436.3,436.17 1 2
github.com/limiar/collector/internal/telegram/client.go:439.2,439.10 1 14
github.com/limiar/collector/internal/telegram/client.go:442.62,443.26 1 0
github.com/limiar/collector/internal/telegram/client.go:443.26,444.36 1 0
github.com/limiar/collector/internal/telegram/client.go:444.36,446.4 1 0
github.com/limiar/collector/internal/telegram/client.go:448.2,448.55 1 0
github.com/limiar/collector/internal/telegram/dispatcher.go:45.67,46.16 1 5
github.com/limiar/collector/internal/telegram/dispatcher.go:46.16,48.3 1 5
github.com/limiar/collector/internal/telegram/dispatcher.go:49.2,49.54 1 5
github.com/limiar/collector/internal/telegram/dispatcher.go:53.48,57.2 3 7
github.com/limiar/collector/internal/telegram/dispatcher.go:61.49,64.15 3 5
github.com/limiar/collector/internal/telegram/dispatcher.go:64.15,66.3 1 0
github.com/limiar/collector/internal/telegram/dispatcher.go:67.2,70.31 3 5
github.com/limiar/collector/internal/telegram/dispatcher.go:70.31,75.3 4 7
github.com/limiar/collector/internal/telegram/dispatcher.go:80.86,82.25 2 7
github.com/limiar/collector/internal/telegram/dispatcher.go:82.25,84.3 1 1504
github.com/limiar/collector/internal/telegram/dispatcher.go:88.82,89.15 1 1504
github.com/limiar/collector/internal/telegram/dispatcher.go:89.15,90.31 1 1504
github.com/limiar/collector/internal/telegram/dispatcher.go:90.31,93.4 2 1
github.com/limiar/collector/internal/telegram/dispatcher.go:95.2,95.52 1 1504
github.com/limiar/collector/internal/telegram/dispatcher.go:95.52,97.3 1 0
github.com/limiar/collector/internal/telegram/dispatcher.go:103.67,105.29 2 1502
github.com/limiar/collector/internal/telegram/dispatcher.go:105.29,106.10 1 1504
github.com/limiar/collector/internal/telegram/dispatcher.go:107.21,107.21 0 1504
github.com/limiar/collector/internal/telegram/dispatcher.go:108.21,109.10 1 0
github.com/limiar/collector/internal/telegram/dispatcher.go:110.11,111.39 1 0
github.com/limiar/collector/internal/telegram/dispatcher.go:111.39,113.5 1 0
github.com/limiar/collector/internal/telegram/dispatcher.go:120.56,122.16 2 5
github.com/limiar/collector/internal/telegram/dispatcher.go:122.16,125.3 2 0
github.com/limiar/collector/internal/telegram/dispatcher.go:126.2,131.27 5 5
github.com/limiar/collector/internal/telegram/dispatcher.go:131.27,133.3 1 7
github.com/limiar/collector/internal/telegram/dispatcher.go:134.2,135.12 2 5
github.com/limiar/collector/internal/telegram/dispatcher.go:142.37,143.23 1 1
github.com/limiar/collector/internal/telegram/dispatcher.go:144.13,145.28 1 0
github.com/limiar/collector/internal/telegram/dispatcher.go:146.14,147.11 1 1
github.com/limiar/collector/internal/telegram/dispatcher.go:148.10,149.44 1 0
github.com/limiar/collector/internal/telegram/dispatcher.go:152.40,153.16 1 0
github.com/limiar/collector/internal/telegram/dispatcher.go:153.16,155.3 1 0
github.com/limiar/collector/internal/telegram/dispatcher.go:156.2,157.9 2 0
github.com/limiar/collector/internal/telegram/dispatcher.go:157.9,158.16 1 0
github.com/limiar/collector/internal/telegram/dispatcher.go:158.16,159.24 1 0
github.com/limiar/collector/internal/telegram/dispatcher.go:159.24,161.5 1 0
github.com/limiar/collector/internal/telegram/dispatcher.go:163.3,163.20 1 0
github.com/limiar/collector/internal/telegram/dispatcher.go:165.2,165.12 1 0
github.com/limiar/collector/internal/telegram/encode.go:14.54,16.16 2 1
github.com/limiar/collector/internal/telegram/encode.go:16.16,18.3 1 0
github.com/limiar/collector/internal/telegram/encode.go:19.2,19.21 1 1
github.com/limiar/collector/internal/telegram/encode.go:24.81,25.25 1 5
github.com/limiar/collector/internal/telegram/encode.go:26.19,27.36 1 2
github.com/limiar/collector/internal/telegram/encode.go:27.36,28.56 1 2
github.com/limiar/collector/internal/telegram/encode.go:28.56,30.5 1 1
github.com/limiar/collector/internal/telegram/encode.go:32.23,33.61 1 2
github.com/limiar/collector/internal/telegram/encode.go:33.61,35.4 1 1
github.com/limiar/collector/internal/telegram/encode.go:37.2,37.20 1 3
github.com/limiar/collector/internal/telegram/encode.go:41.80,42.25 1 11
github.com/limiar/collector/internal/telegram/encode.go:43.35,44.41 1 3
github.com/limiar/collector/internal/telegram/encode.go:45.28,46.41 1 2
github.com/limiar/collector/internal/telegram/encode.go:47.36,48.41 1 1
github.com/limiar/collector/internal/telegram/encode.go:49.29,50.41 1 1
github.com/limiar/collector/internal/telegram/encode.go:52.2,52.20 1 4
github.com/limiar/collector/internal/telegram/encode.go:56.83,58.9 2 12
github.com/limiar/collector/internal/telegram/encode.go:58.9,60.3 1 3
github.com/limiar/collector/internal/telegram/encode.go:61.2,62.9 2 9
github.com/limiar/collector/internal/telegram/encode.go:62.9,64.3 1 2
github.com/limiar/collector/internal/telegram/encode.go:65.2,65.44 1 7
github.com/limiar/collector/internal/telegram/encode.go:71.78,73.25 2 4
github.com/limiar/collector/internal/telegram/encode.go:74.35,75.19 1 1
github.com/limiar/collector/internal/telegram/encode.go:76.28,77.19 1 1
github.com/limiar/collector/internal/telegram/encode.go:78.33,79.19 1 1
github.com/limiar/collector/internal/telegram/encode.go:80.10,81.82 1 1
github.com/limiar/collector/internal/telegram/encode.go:87.2,88.25 2 3
github.com/limiar/collector/internal/telegram/encode.go:88.25,90.10 2 5
github.com/limiar/collector/internal/telegram/encode.go:90.10,92.12 1 1
github.com/limiar/collector/internal/telegram/encode.go:94.3,95.17 2 4
github.com/limiar/collector/internal/telegram/encode.go:95.17,97.4 1 0
github.com/limiar/collector/internal/telegram/encode.go:98.3,102.5 1 4
github.com/limiar/collector/internal/telegram/encode.go:104.2,104.17 1 3
github.com/limiar/collector/internal/telegram/media.go:37.64,38.16 1 0
github.com/limiar/collector/internal/telegram/media.go:38.16,40.3 1 0
github.com/limiar/collector/internal/telegram/media.go:41.2,41.37 1 0
github.com/limiar/collector/internal/telegram/media.go:50.106,54.58 4 0
github.com/limiar/collector/internal/telegram/media.go:54.58,55.51 1 0
github.com/limiar/collector/internal/telegram/media.go:55.51,57.4 1 0
github.com/limiar/collector/internal/telegram/media.go:58.3,60.14 3 0
github.com/limiar/collector/internal/telegram/media.go:62.2,62.16 1 0
github.com/limiar/collector/internal/telegram/media.go:62.16,64.3 1 0
github.com/limiar/collector/internal/telegram/media.go:65.2,65.18 1 0
github.com/limiar/collector/internal/telegram/media.go:71.157,74.58 3 0
github.com/limiar/collector/internal/telegram/media.go:74.58,77.51 1 0
github.com/limiar/collector/internal/telegram/media.go:77.51,79.4 1 0
github.com/limiar/collector/internal/telegram/media.go:80.3,80.86 1 0
github.com/limiar/collector/internal/telegram/media.go:96.9,97.20 1 1
github.com/limiar/collector/internal/telegram/media.go:97.20,99.3 1 0
github.com/limiar/collector/internal/telegram/media.go:100.2,100.17 1 1
github.com/limiar/collector/internal/telegram/media.go:100.17,102.3 1 0
github.com/limiar/collector/internal/telegram/media.go:103.2,103.25 1 1
github.com/limiar/collector/internal/telegram/media.go:103.25,105.3 1 0
github.com/limiar/collector/internal/telegram/media.go:107.2,111.20 5 1
github.com/limiar/collector/internal/telegram/media.go:111.20,112.13 1 3
github.com/limiar/collector/internal/telegram/media.go:112.13,114.26 2 3
github.com/limiar/collector/internal/telegram/media.go:114.26,117.12 3 8
github.com/limiar/collector/internal/telegram/media.go:118.28,118.28 0 8
github.com/limiar/collector/internal/telegram/media.go:119.23,120.12 1 0
github.com/limiar/collector/internal/telegram/media.go:126.2,126.12 1 1
github.com/limiar/collector/internal/telegram/media.go:126.12,128.28 2 1
github.com/limiar/collector/internal/telegram/media.go:128.28,129.11 1 8
github.com/limiar/collector/internal/telegram/media.go:130.21,130.21 0 8
github.com/limiar/collector/internal/telegram/media.go:131.22,132.11 1 0
github.com/limiar/collector/internal/telegram/media.go:137.2,137.12 1 1
github.com/limiar/collector/internal/telegram/media.go:137.12,140.3 2 1
github.com/limiar/collector/internal/telegram/media.go:142.2,142.30 1 1
github.com/limiar/collector/internal/telegram/media.go:142.30,144.3 1 8
github.com/limiar/collector/internal/telegram/media.go:145.2,145.34 1 1
github.com/limiar/collector/internal/telegram/media.go:145.34,147.3 1 0
github.com/limiar/collector/internal/telegram/media.go:148.2,148.12 1 1
github.com/limiar/collector/internal/telegram/media.go:153.105,155.25 2 0
github.com/limiar/collector/internal/telegram/media.go:155.25,164.18 4 0
github.com/limiar/collector/internal/telegram/media.go:164.18,166.4 1 0
github.com/limiar/collector/internal/telegram/media.go:167.3,167.63 1 0
github.com/limiar/collector/internal/telegram/media.go:167.63,169.4 1 0
github.com/limiar/collector/internal/telegram/media.go:171.3,172.18 2 0
github.com/limiar/collector/internal/telegram/media.go:172.18,176.4 2 0
github.com/limiar/collector/internal/telegram/media.go:177.3,178.73 2 0
github.com/limiar/collector/internal/telegram/media.go:180.2,180.17 1 0
github.com/limiar/collector/internal/telegram/media.go:185.116,186.38 1 0
github.com/limiar/collector/internal/telegram/media.go:186.38,188.3 1 0
github.com/limiar/collector/internal/telegram/media.go:189.2,190.9 2 0
github.com/limiar/collector/internal/telegram/media.go:190.9,192.3 1 0
github.com/limiar/collector/internal/telegram/media.go:193.2,201.16 3 0
github.com/limiar/collector/internal/telegram/media.go:201.16,203.3 1 0
github.com/limiar/collector/internal/telegram/media.go:204.2,205.36 2 0
github.com/limiar/collector/internal/telegram/media.go:205.36,207.3 1 0
github.com/limiar/collector/internal/telegram/media.go:208.2,208.36 1 0
github.com/limiar/collector/internal/telegram/media.go:208.36,210.10 2 0
github.com/limiar/collector/internal/telegram/media.go:210.10,211.12 1 0
github.com/limiar/collector/internal/telegram/media.go:213.3,214.10 2 0
github.com/limiar/collector/internal/telegram/media.go:214.10,215.12 1 0
github.com/limiar/collector/internal/telegram/media.go:217.3,218.33 2 0
github.com/limiar/collector/internal/telegram/media.go:218.33,219.12 1 0
github.com/limiar/collector/internal/telegram/media.go:221.3,221.34 1 0
github.com/limiar/collector/internal/telegram/media.go:223.2,223.86 1 0
github.com/limiar/collector/internal/telegram/media.go:230.79,232.16 2 6
github.com/limiar/collector/internal/telegram/media.go:232.16,234.3 1 1
github.com/limiar/collector/internal/telegram/media.go:235.2,236.21 2 5
github.com/limiar/collector/internal/telegram/media.go:236.21,238.3 1 2
github.com/limiar/collector/internal/telegram/media.go:240.2,241.22 2 3
github.com/limiar/collector/internal/telegram/media.go:241.22,243.17 2 2
github.com/limiar/collector/internal/telegram/media.go:243.17,245.4 1 2
github.com/limiar/collector/internal/telegram/media.go:248.2,253.8 1 3
github.com/limiar/collector/internal/telegram/media.go:258.35,259.16 1 0
github.com/limiar/collector/internal/telegram/media.go:259.16,261.3 1 0
github.com/limiar/collector/internal/telegram/media.go:262.2,262.45 1 0
github.com/limiar/collector/internal/telegram/media.go:262.45,264.3 1 0
github.com/limiar/collector/internal/telegram/media.go:265.2,265.52 1 0
github.com/limiar/collector/internal/telegram/peers.go:25.75,26.16 1 6
github.com/limiar/collector/internal/telegram/peers.go:26.16,28.3 1 6
github.com/limiar/collector/internal/telegram/peers.go:29.2,33.3 1 6
github.com/limiar/collector/internal/telegram/peers.go:37.56,42.2 4 805
github.com/limiar/collector/internal/telegram/peers.go:45.41,49.2 3 804
github.com/limiar/collector/internal/telegram/peers.go:52.60,54.16 2 1
github.com/limiar/collector/internal/telegram/peers.go:54.16,56.3 1 0
github.com/limiar/collector/internal/telegram/peers.go:57.2,60.26 4 1
github.com/limiar/collector/internal/telegram/peers.go:60.26,62.3 1 2
github.com/limiar/collector/internal/telegram/peers.go:63.2,64.12 2 1
github.com/limiar/collector/internal/telegram/peers.go:70.59,73.29 3 1
github.com/limiar/collector/internal/telegram/peers.go:73.29,75.3 1 2
github.com/limiar/collector/internal/telegram/peers.go:76.2,78.62 2 1
github.com/limiar/collector/internal/telegram/peers.go:78.62,80.3 1 0
github.com/limiar/collector/internal/telegram/peers.go:81.2,82.12 2 1
github.com/limiar/collector/internal/telegram/session.go:30.95,31.16 1 3
github.com/limiar/collector/internal/telegram/session.go:31.16,33.3 1 3
github.com/limiar/collector/internal/telegram/session.go:34.2,34.51 1 3
github.com/limiar/collector/internal/telegram/session.go:40.80,42.45 2 102
github.com/limiar/collector/internal/telegram/session.go:42.45,44.3 1 1
github.com/limiar/collector/internal/telegram/session.go:45.2,45.16 1 101
github.com/limiar/collector/internal/telegram/session.go:45.16,47.3 1 0
github.com/limiar/collector/internal/telegram/session.go:48.2,48.18 1 101
github.com/limiar/collector/internal/telegram/session.go:52.84,53.54 1 101
github.com/limiar/collector/internal/telegram/session.go:53.54,55.3 1 0
github.com/limiar/collector/internal/telegram/session.go:56.2,57.12 2 101
github.com/limiar/collector/internal/storage/db.go:35.79,36.16 1 123
github.com/limiar/collector/internal/storage/db.go:36.16,38.3 1 123
github.com/limiar/collector/internal/storage/db.go:40.2,40.51 1 123
github.com/limiar/collector/internal/storage/db.go:40.51,42.17 2 119
github.com/limiar/collector/internal/storage/db.go:42.17,44.4 1 0
github.com/limiar/collector/internal/storage/db.go:45.3,46.51 2 119
github.com/limiar/collector/internal/storage/db.go:51.2,51.48 1 123
github.com/limiar/collector/internal/storage/db.go:51.48,53.3 1 0
github.com/limiar/collector/internal/storage/db.go:55.2,57.16 3 123
github.com/limiar/collector/internal/storage/db.go:57.16,59.3 1 0
github.com/limiar/collector/internal/storage/db.go:60.2,62.46 3 123
github.com/limiar/collector/internal/storage/db.go:62.46,65.3 2 0
github.com/limiar/collector/internal/storage/db.go:67.2,67.76 1 123
github.com/limiar/collector/internal/storage/db.go:67.76,70.3 2 0
github.com/limiar/collector/internal/storage/db.go:71.2,71.78 1 123
github.com/limiar/collector/internal/storage/db.go:71.78,74.3 2 0
github.com/limiar/collector/internal/storage/db.go:75.2,75.77 1 123
github.com/limiar/collector/internal/storage/db.go:75.77,78.3 2 0
github.com/limiar/collector/internal/storage/db.go:79.2,79.77 1 123
github.com/limiar/collector/internal/storage/db.go:79.77,82.3 2 0
github.com/limiar/collector/internal/storage/db.go:83.2,83.77 1 123
github.com/limiar/collector/internal/storage/db.go:83.77,86.3 2 0
github.com/limiar/collector/internal/storage/db.go:88.2,88.48 1 123
github.com/limiar/collector/internal/storage/db.go:88.48,91.3 2 0
github.com/limiar/collector/internal/storage/db.go:92.2,93.29 2 123
github.com/limiar/collector/internal/storage/db.go:98.28,100.2 1 154
github.com/limiar/collector/internal/storage/db.go:103.29,104.40 1 123
github.com/limiar/collector/internal/storage/db.go:104.40,106.3 1 0
github.com/limiar/collector/internal/storage/db.go:107.2,107.12 1 123
github.com/limiar/collector/internal/storage/migrations.go:19.67,24.16 2 123
github.com/limiar/collector/internal/storage/migrations.go:24.16,26.3 1 0
github.com/limiar/collector/internal/storage/migrations.go:27.2,27.12 1 123
github.com/limiar/collector/internal/storage/migrations.go:31.86,35.16 3 615
github.com/limiar/collector/internal/storage/migrations.go:35.16,37.3 1 0
github.com/limiar/collector/internal/storage/migrations.go:38.2,38.23 1 615
github.com/limiar/collector/internal/storage/migrations.go:81.88,83.16 2 2214
github.com/limiar/collector/internal/storage/migrations.go:83.16,85.3 1 0
github.com/limiar/collector/internal/storage/migrations.go:86.2,86.15 1 2214
github.com/limiar/collector/internal/storage/migrations.go:86.15,86.35 1 2214
github.com/limiar/collector/internal/storage/migrations.go:88.2,88.18 1 2214
github.com/limiar/collector/internal/storage/migrations.go:88.18,97.83 2 88137
github.com/limiar/collector/internal/storage/migrations.go:97.83,99.4 1 0
github.com/limiar/collector/internal/storage/migrations.go:100.3,100.21 1 88137
github.com/limiar/collector/internal/storage/migrations.go:100.21,102.4 1 2160
github.com/limiar/collector/internal/storage/migrations.go:104.2,104.35 1 54
github.com/limiar/collector/internal/storage/migrations.go:104.35,106.3 1 0
github.com/limiar/collector/internal/storage/migrations.go:107.2,107.19 1 54
github.com/limiar/collector/internal/storage/migrations.go:110.97,112.43 2 123
github.com/limiar/collector/internal/storage/migrations.go:112.43,114.17 2 2214
github.com/limiar/collector/internal/storage/migrations.go:114.17,116.4 1 0
github.com/limiar/collector/internal/storage/migrations.go:117.3,117.9 1 2214
github.com/limiar/collector/internal/storage/migrations.go:117.9,118.12 1 2160
github.com/limiar/collector/internal/storage/migrations.go:120.3,121.54 2 54
github.com/limiar/collector/internal/storage/migrations.go:121.54,123.4 1 0
github.com/limiar/collector/internal/storage/migrations.go:124.3,124.10 1 54
github.com/limiar/collector/internal/storage/migrations.go:127.2,127.44 1 123
github.com/limiar/collector/internal/storage/migrations.go:127.44,128.54 1 615
github.com/limiar/collector/internal/storage/migrations.go:128.54,130.4 1 0
github.com/limiar/collector/internal/storage/migrations.go:132.2,132.15 1 123
github.com/limiar/collector/internal/storage/migrations.go:132.15,134.3 1 3
github.com/limiar/collector/internal/storage/migrations.go:135.2,135.12 1 123
github.com/limiar/collector/internal/storage/migrations.go:140.72,141.16 1 123
github.com/limiar/collector/internal/storage/migrations.go:141.16,143.3 1 0
github.com/limiar/collector/internal/storage/migrations.go:144.2,144.55 1 123
github.com/limiar/collector/internal/storage/migrations.go:144.55,146.3 1 0
github.com/limiar/collector/internal/storage/migrations.go:148.2,149.16 2 123
github.com/limiar/collector/internal/storage/migrations.go:149.16,151.3 1 0
github.com/limiar/collector/internal/storage/migrations.go:153.2,154.28 2 123
github.com/limiar/collector/internal/storage/migrations.go:154.28,155.17 1 615
github.com/limiar/collector/internal/storage/migrations.go:155.17,157.4 1 615
github.com/limiar/collector/internal/storage/migrations.go:159.2,165.29 5 123
github.com/limiar/collector/internal/storage/migrations.go:165.29,167.17 2 615
github.com/limiar/collector/internal/storage/migrations.go:167.17,169.4 1 0
github.com/limiar/collector/internal/storage/migrations.go:170.3,170.15 1 615
github.com/limiar/collector/internal/storage/migrations.go:170.15,172.12 2 8
github.com/limiar/collector/internal/storage/migrations.go:175.3,176.17 2 607
github.com/limiar/collector/internal/storage/migrations.go:176.17,178.4 1 0
github.com/limiar/collector/internal/storage/migrations.go:180.3,182.17 3 607
github.com/limiar/collector/internal/storage/migrations.go:182.17,184.4 1 0
github.com/limiar/collector/internal/storage/migrations.go:186.3,186.66 1 607
github.com/limiar/collector/internal/storage/migrations.go:186.66,189.4 2 0
github.com/limiar/collector/internal/storage/migrations.go:191.3,192.76 1 607
github.com/limiar/collector/internal/storage/migrations.go:192.76,195.4 2 0
github.com/limiar/collector/internal/storage/migrations.go:197.3,197.37 1 607
github.com/limiar/collector/internal/storage/migrations.go:197.37,199.4 1 0
github.com/limiar/collector/internal/storage/migrations.go:200.3,200.13 1 607
github.com/limiar/collector/internal/storage/migrations.go:203.2,203.71 1 123
github.com/limiar/collector/internal/storage/migrations.go:203.71,205.3 1 0
github.com/limiar/collector/internal/storage/migrations.go:207.2,208.12 2 123
github.com/limiar/collector/internal/storage/processor_repository.go:29.71,101.16 2 1
github.com/limiar/collector/internal/storage/processor_repository.go:101.16,103.3 1 0
github.com/limiar/collector/internal/storage/processor_repository.go:104.2,104.69 1 1
github.com/limiar/collector/internal/storage/processor_repository.go:108.45,110.2 1 1
github.com/limiar/collector/internal/storage/processor_repository.go:115.109,124.16 2 0
github.com/limiar/collector/internal/storage/processor_repository.go:124.16,126.3 1 0
github.com/limiar/collector/internal/storage/processor_repository.go:127.2,127.15 1 0
github.com/limiar/collector/internal/storage/processor_repository.go:127.15,127.35 1 0
github.com/limiar/collector/internal/storage/processor_repository.go:129.2,130.18 2 0
github.com/limiar/collector/internal/storage/processor_repository.go:130.18,136.117 2 0
github.com/limiar/collector/internal/storage/processor_repository.go:136.117,138.4 1 0
github.com/limiar/collector/internal/storage/processor_repository.go:139.3,141.28 3 0
github.com/limiar/collector/internal/storage/processor_repository.go:143.2,143.35 1 0
github.com/limiar/collector/internal/storage/processor_repository.go:143.35,145.3 1 0
github.com/limiar/collector/internal/storage/processor_repository.go:146.2,146.18 1 0
github.com/limiar/collector/internal/storage/processor_repository.go:151.84,153.103 2 0
github.com/limiar/collector/internal/storage/processor_repository.go:153.103,155.3 1 0
github.com/limiar/collector/internal/storage/processor_repository.go:156.2,156.110 1 0
github.com/limiar/collector/internal/storage/processor_repository.go:156.110,158.3 1 0
github.com/limiar/collector/internal/storage/processor_repository.go:159.2,160.15 2 0
github.com/limiar/collector/internal/storage/processor_repository.go:166.35,167.16 1 0
github.com/limiar/collector/internal/storage/processor_repository.go:167.16,169.3 1 0
github.com/limiar/collector/internal/storage/processor_repository.go:170.2,170.43 1 0
github.com/limiar/collector/internal/storage/processor_repository.go:173.60,174.23 1 0
github.com/limiar/collector/internal/storage/processor_repository.go:174.23,176.3 1 0
github.com/limiar/collector/internal/storage/processor_repository.go:177.2,178.16 2 0
github.com/limiar/collector/internal/storage/processor_repository.go:178.16,180.3 1 0
github.com/limiar/collector/internal/storage/processor_repository.go:181.2,181.26 1 0
github.com/limiar/collector/internal/storage/processor_repository.go:184.66,185.25 1 0
github.com/limiar/collector/internal/storage/processor_repository.go:185.25,187.3 1 0
github.com/limiar/collector/internal/storage/processor_repository.go:188.2,189.16 2 0
github.com/limiar/collector/internal/storage/processor_repository.go:189.16,191.3 1 0
github.com/limiar/collector/internal/storage/processor_repository.go:192.2,192.26 1 0
github.com/limiar/collector/internal/storage/processor_repository.go:195.71,196.15 1 0
github.com/limiar/collector/internal/storage/processor_repository.go:196.15,198.3 1 0
github.com/limiar/collector/internal/storage/processor_repository.go:199.2,200.16 2 0
github.com/limiar/collector/internal/storage/processor_repository.go:200.16,202.3 1 0
github.com/limiar/collector/internal/storage/processor_repository.go:203.2,203.26 1 0
github.com/limiar/collector/internal/storage/processor_repository.go:206.71,208.25 2 0
github.com/limiar/collector/internal/storage/processor_repository.go:208.25,210.3 1 0
github.com/limiar/collector/internal/storage/processor_repository.go:212.2,213.31 2 0
github.com/limiar/collector/internal/storage/processor_repository.go:213.31,215.3 1 0
github.com/limiar/collector/internal/storage/processor_repository.go:216.2,217.16 2 0
github.com/limiar/collector/internal/storage/processor_repository.go:217.16,219.3 1 0
github.com/limiar/collector/internal/storage/processor_repository.go:220.2,221.16 2 0
github.com/limiar/collector/internal/storage/processor_repository.go:221.16,223.3 1 0
github.com/limiar/collector/internal/storage/processor_repository.go:224.2,225.16 2 0
github.com/limiar/collector/internal/storage/processor_repository.go:225.16,227.3 1 0
github.com/limiar/collector/internal/storage/processor_repository.go:228.2,288.8 3 0
github.com/limiar/collector/internal/storage/processor_repository.go:293.102,295.16 2 0
github.com/limiar/collector/internal/storage/processor_repository.go:295.16,297.3 1 0
github.com/limiar/collector/internal/storage/processor_repository.go:298.2,299.16 2 0
github.com/limiar/collector/internal/storage/processor_repository.go:299.16,301.3 1 0
github.com/limiar/collector/internal/storage/processor_repository.go:302.2,302.12 1 0
github.com/limiar/collector/internal/storage/processor_repository.go:305.101,307.25 2 0
github.com/limiar/collector/internal/storage/processor_repository.go:307.25,309.3 1 0
github.com/limiar/collector/internal/storage/processor_repository.go:310.2,327.16 2 0
github.com/limiar/collector/internal/storage/processor_repository.go:327.16,329.3 1 0
github.com/limiar/collector/internal/storage/processor_repository.go:330.2,330.12 1 0
github.com/limiar/collector/internal/storage/processor_repository.go:333.124,344.16 3 0
github.com/limiar/collector/internal/storage/processor_repository.go:344.16,345.39 1 0
github.com/limiar/collector/internal/storage/processor_repository.go:345.39,347.4 1 0
github.com/limiar/collector/internal/storage/processor_repository.go:348.3,348.94 1 0
github.com/limiar/collector/internal/storage/processor_repository.go:350.2,352.23 3 0
github.com/limiar/collector/internal/storage/processor_repository.go:358.124,359.21 1 0
github.com/limiar/collector/internal/storage/processor_repository.go:359.21,361.3 1 0
github.com/limiar/collector/internal/storage/processor_repository.go:365.2,369.37 5 0
github.com/limiar/collector/internal/storage/processor_repository.go:369.37,370.13 1 0
github.com/limiar/collector/internal/storage/processor_repository.go:370.13,372.4 1 0
github.com/limiar/collector/internal/storage/processor_repository.go:373.3,375.16 3 0
github.com/limiar/collector/internal/storage/processor_repository.go:378.2,379.16 2 0
github.com/limiar/collector/internal/storage/processor_repository.go:379.16,381.3 1 0
github.com/limiar/collector/internal/storage/processor_repository.go:382.2,382.15 1 0
github.com/limiar/collector/internal/storage/processor_repository.go:382.15,382.35 1 0
github.com/limiar/collector/internal/storage/processor_repository.go:384.2,385.18 2 0
github.com/limiar/collector/internal/storage/processor_repository.go:385.18,387.42 2 0
github.com/limiar/collector/internal/storage/processor_repository.go:387.42,389.4 1 0
github.com/limiar/collector/internal/storage/processor_repository.go:390.3,390.22 1 0
github.com/limiar/collector/internal/storage/processor_repository.go:392.2,392.35 1 0
github.com/limiar/collector/internal/storage/processor_repository.go:392.35,394.3 1 0
github.com/limiar/collector/internal/storage/processor_repository.go:395.2,395.20 1 0
github.com/limiar/collector/internal/storage/processor_repository.go:402.135,404.16 2 0
github.com/limiar/collector/internal/storage/processor_repository.go:404.16,406.3 1 0
github.com/limiar/collector/internal/storage/processor_repository.go:407.2,407.15 1 0
github.com/limiar/collector/internal/storage/processor_repository.go:407.15,407.36 1 0
github.com/limiar/collector/internal/storage/processor_repository.go:409.2,411.27 2 0
github.com/limiar/collector/internal/storage/processor_repository.go:411.27,413.17 2 0
github.com/limiar/collector/internal/storage/processor_repository.go:413.17,415.4 1 0
github.com/limiar/collector/internal/storage/processor_repository.go:416.3,417.21 2 0
github.com/limiar/collector/internal/storage/processor_repository.go:417.21,419.4 1 0
github.com/limiar/collector/internal/storage/processor_repository.go:420.3,420.10 1 0
github.com/limiar/collector/internal/storage/processor_repository.go:423.2,423.48 1 0
github.com/limiar/collector/internal/storage/processor_repository.go:423.48,425.3 1 0
github.com/limiar/collector/internal/storage/processor_repository.go:426.2,426.27 1 0
github.com/limiar/collector/internal/storage/processor_repository.go:433.64,434.36 1 0
github.com/limiar/collector/internal/storage/processor_repository.go:434.36,436.3 1 0
github.com/limiar/collector/internal/storage/processor_repository.go:437.2,438.69 2 0
github.com/limiar/collector/internal/storage/processor_repository.go:438.69,440.3 1 0
github.com/limiar/collector/internal/storage/processor_repository.go:441.2,441.21 1 0
github.com/limiar/collector/internal/storage/processor_repository.go:444.68,445.36 1 0
github.com/limiar/collector/internal/storage/processor_repository.go:445.36,447.3 1 0
github.com/limiar/collector/internal/storage/processor_repository.go:448.2,449.71 2 0
github.com/limiar/collector/internal/storage/processor_repository.go:449.71,451.3 1 0
github.com/limiar/collector/internal/storage/processor_repository.go:452.2,452.23 1 0
github.com/limiar/collector/internal/storage/processor_repository.go:455.80,456.36 1 0
github.com/limiar/collector/internal/storage/processor_repository.go:456.36,458.3 1 0
github.com/limiar/collector/internal/storage/processor_repository.go:459.2,460.64 2 0
github.com/limiar/collector/internal/storage/processor_repository.go:460.64,462.3 1 0
github.com/limiar/collector/internal/storage/processor_repository.go:463.2,463.17 1 0
github.com/limiar/collector/internal/storage/processor_repository.go:466.49,467.16 1 0
github.com/limiar/collector/internal/storage/processor_repository.go:467.16,469.3 1 0
github.com/limiar/collector/internal/storage/processor_repository.go:470.2,470.19 1 0
github.com/limiar/collector/internal/storage/processor_repository.go:475.161,490.19 5 0
github.com/limiar/collector/internal/storage/processor_repository.go:490.19,493.3 2 0
github.com/limiar/collector/internal/storage/processor_repository.go:494.2,494.19 1 0
github.com/limiar/collector/internal/storage/processor_repository.go:494.19,497.3 2 0
github.com/limiar/collector/internal/storage/processor_repository.go:498.2,498.25 1 0
github.com/limiar/collector/internal/storage/processor_repository.go:498.25,500.36 2 0
github.com/limiar/collector/internal/storage/processor_repository.go:500.36,502.4 1 0
github.com/limiar/collector/internal/storage/processor_repository.go:504.2,508.16 4 0
github.com/limiar/collector/internal/storage/processor_repository.go:508.16,510.3 1 0
github.com/limiar/collector/internal/storage/processor_repository.go:511.2,511.15 1 0
github.com/limiar/collector/internal/storage/processor_repository.go:511.15,511.35 1 0
github.com/limiar/collector/internal/storage/processor_repository.go:513.2,514.18 2 0
github.com/limiar/collector/internal/storage/processor_repository.go:514.18,554.84 2 0
github.com/limiar/collector/internal/storage/processor_repository.go:554.84,556.4 1 0
github.com/limiar/collector/internal/storage/processor_repository.go:557.3,557.70 1 0
github.com/limiar/collector/internal/storage/processor_repository.go:557.70,559.4 1 0
github.com/limiar/collector/internal/storage/processor_repository.go:560.3,560.68 1 0
github.com/limiar/collector/internal/storage/processor_repository.go:560.68,562.4 1 0
github.com/limiar/collector/internal/storage/processor_repository.go:563.3,563.82 1 0
github.com/limiar/collector/internal/storage/processor_repository.go:563.82,565.4 1 0
github.com/limiar/collector/internal/storage/processor_repository.go:566.3,580.22 15 0
github.com/limiar/collector/internal/storage/processor_repository.go:580.22,582.4 1 0
github.com/limiar/collector/internal/storage/processor_repository.go:583.3,583.23 1 0
github.com/limiar/collector/internal/storage/processor_repository.go:583.23,585.4 1 0
github.com/limiar/collector/internal/storage/processor_repository.go:586.3,586.23 1 0
github.com/limiar/collector/internal/storage/processor_repository.go:586.23,588.4 1 0
github.com/limiar/collector/internal/storage/processor_repository.go:589.3,589.21 1 0
github.com/limiar/collector/internal/storage/processor_repository.go:589.21,591.4 1 0
github.com/limiar/collector/internal/storage/processor_repository.go:592.3,592.21 1 0
github.com/limiar/collector/internal/storage/processor_repository.go:592.21,594.4 1 0
github.com/limiar/collector/internal/storage/processor_repository.go:595.3,596.20 2 0
github.com/limiar/collector/internal/storage/processor_repository.go:596.20,598.4 1 0
github.com/limiar/collector/internal/storage/processor_repository.go:599.3,600.18 2 0
github.com/limiar/collector/internal/storage/processor_repository.go:600.18,602.4 1 0
github.com/limiar/collector/internal/storage/processor_repository.go:603.3,603.18 1 0
github.com/limiar/collector/internal/storage/processor_repository.go:603.18,605.4 1 0
github.com/limiar/collector/internal/storage/processor_repository.go:606.3,606.17 1 0
github.com/limiar/collector/internal/storage/processor_repository.go:606.17,608.4 1 0
github.com/limiar/collector/internal/storage/processor_repository.go:609.3,611.26 3 0
github.com/limiar/collector/internal/storage/processor_repository.go:613.2,613.35 1 0
github.com/limiar/collector/internal/storage/processor_repository.go:613.35,615.3 1 0
github.com/limiar/collector/internal/storage/processor_repository.go:616.2,616.18 1 0
github.com/limiar/collector/internal/storage/processor_repository.go:620.109,626.16 2 0
github.com/limiar/collector/internal/storage/processor_repository.go:626.16,628.3 1 0
github.com/limiar/collector/internal/storage/processor_repository.go:629.2,629.15 1 0
github.com/limiar/collector/internal/storage/processor_repository.go:629.15,629.35 1 0
github.com/limiar/collector/internal/storage/processor_repository.go:631.2,632.18 2 0
github.com/limiar/collector/internal/storage/processor_repository.go:632.18,634.61 2 0
github.com/limiar/collector/internal/storage/processor_repository.go:634.61,636.4 1 0
github.com/limiar/collector/internal/storage/processor_repository.go:637.3,637.27 1 0
github.com/limiar/collector/internal/storage/processor_repository.go:639.2,639.35 1 0
github.com/limiar/collector/internal/storage/processor_repository.go:639.35,641.3 1 0
github.com/limiar/collector/internal/storage/processor_repository.go:642.2,642.19 1 0
github.com/limiar/collector/internal/storage/processor_repository.go:646.90,648.102 2 0
github.com/limiar/collector/internal/storage/processor_repository.go:648.102,650.3 1 0
github.com/limiar/collector/internal/storage/processor_repository.go:651.2,651.15 1 0
github.com/limiar/collector/internal/storage/processor_repository.go:658.121,671.16 3 0
github.com/limiar/collector/internal/storage/processor_repository.go:671.16,672.27 1 0
github.com/limiar/collector/internal/storage/processor_repository.go:672.27,674.4 1 0
github.com/limiar/collector/internal/storage/processor_repository.go:675.3,675.69 1 0
github.com/limiar/collector/internal/storage/processor_repository.go:677.2,677.49 1 0
github.com/limiar/collector/internal/storage/processor_repository.go:677.49,679.18 2 0
github.com/limiar/collector/internal/storage/processor_repository.go:679.18,680.59 1 0
github.com/limiar/collector/internal/storage/processor_repository.go:680.59,682.27 2 0
github.com/limiar/collector/internal/storage/processor_repository.go:682.27,687.6 4 0
github.com/limiar/collector/internal/storage/processor_repository.go:691.2,691.16 1 0
github.com/limiar/collector/internal/storage/processor_repository.go:697.130,699.16 2 0
github.com/limiar/collector/internal/storage/processor_repository.go:699.16,701.3 1 0
github.com/limiar/collector/internal/storage/processor_repository.go:703.2,708.16 2 0
github.com/limiar/collector/internal/storage/processor_repository.go:708.16,710.3 1 0
github.com/limiar/collector/internal/storage/processor_repository.go:711.2,712.18 2 0
github.com/limiar/collector/internal/storage/processor_repository.go:712.18,714.52 2 0
github.com/limiar/collector/internal/storage/processor_repository.go:714.52,717.4 2 0
github.com/limiar/collector/internal/storage/processor_repository.go:718.3,718.36 1 0
github.com/limiar/collector/internal/storage/processor_repository.go:720.2,720.37 1 0
github.com/limiar/collector/internal/storage/processor_repository.go:720.37,722.3 1 0
github.com/limiar/collector/internal/storage/processor_repository.go:723.2,723.35 1 0
github.com/limiar/collector/internal/storage/processor_repository.go:723.35,725.3 1 0
github.com/limiar/collector/internal/storage/processor_repository.go:727.2,729.37 3 0
github.com/limiar/collector/internal/storage/processor_repository.go:729.37,730.40 1 0
github.com/limiar/collector/internal/storage/processor_repository.go:730.40,731.9 1 0
github.com/limiar/collector/internal/storage/processor_repository.go:733.3,734.17 2 0
github.com/limiar/collector/internal/storage/processor_repository.go:734.17,736.4 1 0
github.com/limiar/collector/internal/storage/processor_repository.go:737.3,737.81 1 0
github.com/limiar/collector/internal/storage/processor_repository.go:737.81,738.12 1 0
github.com/limiar/collector/internal/storage/processor_repository.go:740.3,740.49 1 0
github.com/limiar/collector/internal/storage/processor_repository.go:740.49,741.12 1 0
github.com/limiar/collector/internal/storage/processor_repository.go:743.3,744.33 2 0
github.com/limiar/collector/internal/storage/processor_repository.go:746.2,746.20 1 0
github.com/limiar/collector/internal/storage/processor_repository.go:749.92,751.16 2 0
github.com/limiar/collector/internal/storage/processor_repository.go:751.16,753.3 1 0
github.com/limiar/collector/internal/storage/processor_repository.go:754.2,754.15 1 0
github.com/limiar/collector/internal/storage/processor_repository.go:754.15,754.35 1 0
github.com/limiar/collector/internal/storage/processor_repository.go:756.2,757.18 2 0
github.com/limiar/collector/internal/storage/processor_repository.go:757.18,759.45 2 0
github.com/limiar/collector/internal/storage/processor_repository.go:759.45,761.4 1 0
github.com/limiar/collector/internal/storage/processor_repository.go:762.3,762.25 1 0
github.com/limiar/collector/internal/storage/processor_repository.go:764.2,764.35 1 0
github.com/limiar/collector/internal/storage/processor_repository.go:764.35,766.3 1 0
github.com/limiar/collector/internal/storage/processor_repository.go:767.2,767.20 1 0
github.com/limiar/collector/internal/storage/processor_repository.go:772.100,776.16 3 0
github.com/limiar/collector/internal/storage/processor_repository.go:776.16,777.27 1 0
github.com/limiar/collector/internal/storage/processor_repository.go:777.27,779.4 1 0
github.com/limiar/collector/internal/storage/processor_repository.go:780.3,780.61 1 0
github.com/limiar/collector/internal/storage/processor_repository.go:782.2,782.20 1 0
github.com/limiar/collector/internal/storage/processor_repository.go:782.20,784.3 1 0
github.com/limiar/collector/internal/storage/processor_repository.go:785.2,785.27 1 0
github.com/limiar/collector/internal/storage/processor_repository.go:790.105,795.16 3 0
github.com/limiar/collector/internal/storage/processor_repository.go:795.16,796.27 1 0
github.com/limiar/collector/internal/storage/processor_repository.go:796.27,798.4 1 0
github.com/limiar/collector/internal/storage/processor_repository.go:799.3,799.67 1 0
github.com/limiar/collector/internal/storage/processor_repository.go:801.2,801.19 1 0
github.com/limiar/collector/internal/storage/processor_repository.go:805.97,816.16 3 0
github.com/limiar/collector/internal/storage/processor_repository.go:816.16,818.3 1 0
github.com/limiar/collector/internal/storage/processor_repository.go:819.2,819.15 1 0
github.com/limiar/collector/internal/storage/processor_repository.go:825.96,829.16 3 0
github.com/limiar/collector/internal/storage/processor_repository.go:829.16,830.27 1 0
github.com/limiar/collector/internal/storage/processor_repository.go:830.27,832.4 1 0
github.com/limiar/collector/internal/storage/processor_repository.go:833.3,833.65 1 0
github.com/limiar/collector/internal/storage/processor_repository.go:835.2,835.18 1 0
github.com/limiar/collector/internal/storage/processor_repository.go:841.100,849.16 2 0
github.com/limiar/collector/internal/storage/processor_repository.go:849.16,851.3 1 0
github.com/limiar/collector/internal/storage/processor_repository.go:852.2,852.12 1 0
github.com/limiar/collector/internal/storage/processor_repository.go:857.90,861.16 2 0
github.com/limiar/collector/internal/storage/processor_repository.go:861.16,863.3 1 0
github.com/limiar/collector/internal/storage/processor_repository.go:864.2,865.16 2 0
github.com/limiar/collector/internal/storage/processor_repository.go:865.16,867.3 1 0
github.com/limiar/collector/internal/storage/processor_repository.go:868.2,868.21 1 0
github.com/limiar/collector/internal/storage/repository.go:26.53,31.16 2 113
github.com/limiar/collector/internal/storage/repository.go:31.16,33.3 1 0
github.com/limiar/collector/internal/storage/repository.go:34.2,42.16 2 113
github.com/limiar/collector/internal/storage/repository.go:42.16,45.3 2 0
github.com/limiar/collector/internal/storage/repository.go:46.2,46.83 1 113
github.com/limiar/collector/internal/storage/repository.go:50.36,52.2 1 113
github.com/limiar/collector/internal/storage/repository.go:57.74,62.16 2 105
github.com/limiar/collector/internal/storage/repository.go:62.16,64.3 1 0
github.com/limiar/collector/internal/storage/repository.go:65.2,65.12 1 105
github.com/limiar/collector/internal/storage/repository.go:69.71,72.38 3 101
github.com/limiar/collector/internal/storage/repository.go:72.38,74.3 1 1
github.com/limiar/collector/internal/storage/repository.go:75.2,75.16 1 100
github.com/limiar/collector/internal/storage/repository.go:75.16,77.3 1 0
github.com/limiar/collector/internal/storage/repository.go:78.2,78.18 1 100
github.com/limiar/collector/internal/storage/repository.go:82.72,84.92 2 1
github.com/limiar/collector/internal/storage/repository.go:84.92,86.3 1 0
github.com/limiar/collector/internal/storage/repository.go:87.2,87.15 1 1
github.com/limiar/collector/internal/storage/repository.go:93.73,97.16 2 1
github.com/limiar/collector/internal/storage/repository.go:97.16,99.3 1 0
github.com/limiar/collector/internal/storage/repository.go:100.2,100.12 1 1
github.com/limiar/collector/internal/storage/repository.go:106.85,107.21 1 5
github.com/limiar/collector/internal/storage/repository.go:107.21,109.3 1 2
github.com/limiar/collector/internal/storage/repository.go:110.2,111.16 2 3
github.com/limiar/collector/internal/storage/repository.go:111.16,113.3 1 0
github.com/limiar/collector/internal/storage/repository.go:114.2,114.15 1 3
github.com/limiar/collector/internal/storage/repository.go:114.15,114.36 1 3
github.com/limiar/collector/internal/storage/repository.go:116.2,119.26 3 3
github.com/limiar/collector/internal/storage/repository.go:119.26,122.17 2 5
github.com/limiar/collector/internal/storage/repository.go:122.17,124.4 1 0
github.com/limiar/collector/internal/storage/repository.go:127.2,127.36 1 3
github.com/limiar/collector/internal/storage/repository.go:127.36,129.3 1 0
github.com/limiar/collector/internal/storage/repository.go:130.2,130.12 1 3
github.com/limiar/collector/internal/storage/repository.go:134.76,137.16 2 3
github.com/limiar/collector/internal/storage/repository.go:137.16,139.3 1 0
github.com/limiar/collector/internal/storage/repository.go:140.2,140.15 1 3
github.com/limiar/collector/internal/storage/repository.go:140.15,140.35 1 3
github.com/limiar/collector/internal/storage/repository.go:142.2,143.18 2 3
github.com/limiar/collector/internal/storage/repository.go:143.18,149.87 2 5
github.com/limiar/collector/internal/storage/repository.go:149.87,151.4 1 0
github.com/limiar/collector/internal/storage/repository.go:152.3,154.28 3 5
github.com/limiar/collector/internal/storage/repository.go:156.2,156.35 1 3
github.com/limiar/collector/internal/storage/repository.go:156.35,158.3 1 0
github.com/limiar/collector/internal/storage/repository.go:159.2,159.19 1 3
github.com/limiar/collector/internal/storage/repository.go:165.79,171.16 2 295
github.com/limiar/collector/internal/storage/repository.go:171.16,173.3 1 0
github.com/limiar/collector/internal/storage/repository.go:174.2,174.12 1 295
github.com/limiar/collector/internal/storage/repository.go:179.80,181.16 2 102
github.com/limiar/collector/internal/storage/repository.go:181.16,183.3 1 0
github.com/limiar/collector/internal/storage/repository.go:184.2,185.16 2 102
github.com/limiar/collector/internal/storage/repository.go:185.16,187.3 1 0
github.com/limiar/collector/internal/storage/repository.go:188.2,188.12 1 102
github.com/limiar/collector/internal/storage/repository.go:188.12,190.3 1 1
github.com/limiar/collector/internal/storage/repository.go:191.2,191.12 1 101
github.com/limiar/collector/internal/storage/repository.go:195.82,199.16 2 202
github.com/limiar/collector/internal/storage/repository.go:199.16,201.3 1 0
github.com/limiar/collector/internal/storage/repository.go:202.2,202.15 1 202
github.com/limiar/collector/internal/storage/repository.go:202.15,202.35 1 202
github.com/limiar/collector/internal/storage/repository.go:204.2,205.18 2 202
github.com/limiar/collector/internal/storage/repository.go:205.18,207.17 2 481
github.com/limiar/collector/internal/storage/repository.go:207.17,209.4 1 0
github.com/limiar/collector/internal/storage/repository.go:210.3,210.34 1 481
github.com/limiar/collector/internal/storage/repository.go:212.2,212.35 1 202
github.com/limiar/collector/internal/storage/repository.go:212.35,214.3 1 0
github.com/limiar/collector/internal/storage/repository.go:215.2,215.22 1 202
github.com/limiar/collector/internal/storage/repository.go:219.88,224.38 3 1
github.com/limiar/collector/internal/storage/repository.go:224.38,226.3 1 0
github.com/limiar/collector/internal/storage/repository.go:227.2,227.16 1 1
github.com/limiar/collector/internal/storage/repository.go:227.16,229.3 1 0
github.com/limiar/collector/internal/storage/repository.go:230.2,230.16 1 1
github.com/limiar/collector/internal/storage/repository.go:234.125,238.16 2 1
github.com/limiar/collector/internal/storage/repository.go:238.16,240.3 1 0
github.com/limiar/collector/internal/storage/repository.go:241.2,241.12 1 1
github.com/limiar/collector/internal/storage/repository.go:251.108,255.16 2 5
github.com/limiar/collector/internal/storage/repository.go:255.16,257.3 1 0
github.com/limiar/collector/internal/storage/repository.go:258.2,259.16 2 5
github.com/limiar/collector/internal/storage/repository.go:259.16,263.3 1 0
github.com/limiar/collector/internal/storage/repository.go:264.2,264.26 1 5
github.com/limiar/collector/internal/storage/repository.go:276.137,277.20 1 6
github.com/limiar/collector/internal/storage/repository.go:277.20,279.3 1 1
github.com/limiar/collector/internal/storage/repository.go:280.2,281.16 2 5
github.com/limiar/collector/internal/storage/repository.go:281.16,283.3 1 0
github.com/limiar/collector/internal/storage/repository.go:285.2,285.15 1 5
github.com/limiar/collector/internal/storage/repository.go:285.15,285.36 1 5
github.com/limiar/collector/internal/storage/repository.go:287.2,289.27 3 5
github.com/limiar/collector/internal/storage/repository.go:289.27,293.21 2 8
github.com/limiar/collector/internal/storage/repository.go:293.21,295.4 1 0
github.com/limiar/collector/internal/storage/repository.go:296.3,297.21 2 8
github.com/limiar/collector/internal/storage/repository.go:297.21,302.12 3 0
github.com/limiar/collector/internal/storage/repository.go:304.3,304.19 1 8
github.com/limiar/collector/internal/storage/repository.go:304.19,307.4 2 6
github.com/limiar/collector/internal/storage/repository.go:309.2,309.48 1 5
github.com/limiar/collector/internal/storage/repository.go:309.48,311.3 1 0
github.com/limiar/collector/internal/storage/repository.go:312.2,312.37 1 5
github.com/limiar/collector/internal/storage/repository.go:316.75,318.96 2 2
github.com/limiar/collector/internal/storage/repository.go:318.96,320.3 1 0
github.com/limiar/collector/internal/storage/repository.go:321.2,321.15 1 2
github.com/limiar/collector/internal/storage/repository.go:326.121,330.19 3 0
github.com/limiar/collector/internal/storage/repository.go:330.19,333.3 2 0
github.com/limiar/collector/internal/storage/repository.go:334.2,338.16 4 0
github.com/limiar/collector/internal/storage/repository.go:338.16,340.3 1 0
github.com/limiar/collector/internal/storage/repository.go:341.2,341.15 1 0
github.com/limiar/collector/internal/storage/repository.go:341.15,341.35 1 0
github.com/limiar/collector/internal/storage/repository.go:343.2,344.18 2 0
github.com/limiar/collector/internal/storage/repository.go:344.18,346.17 2 0
github.com/limiar/collector/internal/storage/repository.go:346.17,348.4 1 0
github.com/limiar/collector/internal/storage/repository.go:349.3,349.35 1 0
github.com/limiar/collector/internal/storage/repository.go:351.2,351.35 1 0
github.com/limiar/collector/internal/storage/repository.go:351.35,353.3 1 0
github.com/limiar/collector/internal/storage/repository.go:354.2,354.22 1 0
github.com/limiar/collector/internal/storage/repository.go:358.96,365.16 2 0
github.com/limiar/collector/internal/storage/repository.go:365.16,367.3 1 0
github.com/limiar/collector/internal/storage/repository.go:368.2,368.15 1 0
github.com/limiar/collector/internal/storage/repository.go:368.15,368.35 1 0
github.com/limiar/collector/internal/storage/repository.go:370.2,371.18 2 0
github.com/limiar/collector/internal/storage/repository.go:371.18,373.79 2 0
github.com/limiar/collector/internal/storage/repository.go:373.79,375.4 1 0
github.com/limiar/collector/internal/storage/repository.go:376.3,376.27 1 0
github.com/limiar/collector/internal/storage/repository.go:378.2,378.35 1 0
github.com/limiar/collector/internal/storage/repository.go:378.35,380.3 1 0
github.com/limiar/collector/internal/storage/repository.go:381.2,381.19 1 0
github.com/limiar/collector/internal/storage/repository.go:385.95,390.38 3 0
github.com/limiar/collector/internal/storage/repository.go:390.38,392.3 1 0
github.com/limiar/collector/internal/storage/repository.go:393.2,393.16 1 0
github.com/limiar/collector/internal/storage/repository.go:393.16,395.3 1 0
github.com/limiar/collector/internal/storage/repository.go:396.2,396.17 1 0
github.com/limiar/collector/internal/storage/repository.go:406.53,414.45 2 482
github.com/limiar/collector/internal/storage/repository.go:414.45,415.39 1 0
github.com/limiar/collector/internal/storage/repository.go:415.39,417.4 1 0
github.com/limiar/collector/internal/storage/repository.go:418.3,418.61 1 0
github.com/limiar/collector/internal/storage/repository.go:420.2,422.20 3 482
github.com/limiar/collector/internal/storage/repository.go:422.20,424.3 1 1
github.com/limiar/collector/internal/storage/repository.go:425.2,425.17 1 482
github.com/limiar/collector/internal/storage/repository.go:428.56,434.113 2 0
github.com/limiar/collector/internal/storage/repository.go:434.113,435.39 1 0
github.com/limiar/collector/internal/storage/repository.go:435.39,437.4 1 0
github.com/limiar/collector/internal/storage/repository.go:438.3,438.61 1 0
github.com/limiar/collector/internal/storage/repository.go:440.2,442.18 3 0
github.com/limiar/collector/internal/storage/repository.go:449.91,453.38 3 0
github.com/limiar/collector/internal/storage/repository.go:453.38,455.3 1 0
github.com/limiar/collector/internal/storage/repository.go:456.2,456.16 1 0
github.com/limiar/collector/internal/storage/repository.go:456.16,458.3 1 0
github.com/limiar/collector/internal/storage/repository.go:459.2,459.21 1 0
github.com/limiar/collector/internal/storage/repository.go:464.89,468.38 3 0
github.com/limiar/collector/internal/storage/repository.go:468.38,470.3 1 0
github.com/limiar/collector/internal/storage/repository.go:471.2,471.16 1 0
github.com/limiar/collector/internal/storage/repository.go:471.16,473.3 1 0
github.com/limiar/collector/internal/storage/repository.go:474.2,474.19 1 0
github.com/limiar/collector/internal/storage/repository.go:477.31,478.13 1 6
github.com/limiar/collector/internal/storage/repository.go:478.13,480.3 1 1
github.com/limiar/collector/internal/storage/repository.go:481.2,481.10 1 5
